clip_id,condition,severity,word,state,token_probability,is_correct,provenance_model,provenance_decoder
1919-142785-0000,clean,none,ILLUSTRATION,matched,0.971817,True,WAV2VEC2_ASR_BASE_960H,greedy_ctc_collapse
1919-142785-0000,clean,none,LONG,matched,0.883975,True,WAV2VEC2_ASR_BASE_960H,greedy_ctc_collapse
1919-142785-0000,clean,none,PEPPER,matched,0.99995,True,WAV2VEC2_ASR_BASE_960H,greedy_ctc_collapse
1919-142785-0000,additive_noise,mild,ILLUSTRATION,matched,0.999775,True,WAV2VEC2_ASR_BASE_960H,greedy_ctc_collapse
1919-142785-0000,additive_noise,mild,LONG,matched,0.99965,True,WAV2VEC2_ASR_BASE_960H,greedy_ctc_collapse
1919-142785-0000,additive_noise,mild,PEPPER,matched,0.999733,True,WAV2VEC2_ASR_BASE_960H,greedy_ctc_collapse
1919-142785-0000,additive_noise,medium,ILLUSTRATION,matched,0.999575,True,WAV2VEC2_ASR_BASE_960H,greedy_ctc_collapse
1919-142785-0000,additive_noise,medium,LONG,matched,0.989325,True,WAV2VEC2_ASR_BASE_960H,greedy_ctc_collapse
1919-142785-0000,additive_noise,medium,PEPPER,matched,0.9976,True,WAV2VEC2_ASR_BASE_960H,greedy_ctc_collapse
1919-142785-0000,additive_noise,severe,ILLUSTRATION,matched,0.846867,False,WAV2VEC2_ASR_BASE_960H,greedy_ctc_collapse
1919-142785-0000,additive_noise,severe,LONG,matched,0.837125,True,WAV2VEC2_ASR_BASE_960H,greedy_ctc_collapse
1919-142785-0000,additive_noise,severe,PEPPER,matched,0.85535,True,WAV2VEC2_ASR_BASE_960H,greedy_ctc_collapse
1919-142785-0000,clipping,mild,ILLUSTRATION,matched,0.971817,True,WAV2VEC2_ASR_BASE_960H,greedy_ctc_collapse
1919-142785-0000,clipping,mild,LONG,matched,0.883975,True,WAV2VEC2_ASR_BASE_960H,greedy_ctc_collapse
1919-142785-0000,clipping,mild,PEPPER,matched,0.99995,True,WAV2VEC2_ASR_BASE_960H,greedy_ctc_collapse
1919-142785-0000,clipping,medium,ILLUSTRATION,matched,0.9999,True,WAV2VEC2_ASR_BASE_960H,greedy_ctc_collapse
1919-142785-0000,clipping,medium,LONG,matched,0.875725,True,WAV2VEC2_ASR_BASE_960H,greedy_ctc_collapse
1919-142785-0000,clipping,medium,PEPPER,matched,0.99995,True,WAV2VEC2_ASR_BASE_960H,greedy_ctc_collapse
1919-142785-0000,clipping,severe,ILLUSTRATION,matched,0.999817,True,WAV2VEC2_ASR_BASE_960H,greedy_ctc_collapse
1919-142785-0000,clipping,severe,LONG,matched,0.9997,True,WAV2VEC2_ASR_BASE_960H,greedy_ctc_collapse
1919-142785-0000,clipping,severe,PEPPER,matched,0.991833,True,WAV2VEC2_ASR_BASE_960H,greedy_ctc_collapse
1919-142785-0000,bandwidth,mild,ILLUSTRATION,matched,0.998975,True,WAV2VEC2_ASR_BASE_960H,greedy_ctc_collapse
1919-142785-0000,bandwidth,mild,LONG,matched,0.943925,True,WAV2VEC2_ASR_BASE_960H,greedy_ctc_collapse
1919-142785-0000,bandwidth,mild,PEPPER,matched,0.999967,True,WAV2VEC2_ASR_BASE_960H,greedy_ctc_collapse
1919-142785-0000,bandwidth,medium,ILLUSTRATION,matched,0.980067,True,WAV2VEC2_ASR_BASE_960H,greedy_ctc_collapse
1919-142785-0000,bandwidth,medium,LONG,matched,0.895225,True,WAV2VEC2_ASR_BASE_960H,greedy_ctc_collapse
1919-142785-0000,bandwidth,medium,PEPPER,matched,0.999983,True,WAV2VEC2_ASR_BASE_960H,greedy_ctc_collapse
1919-142785-0000,bandwidth,severe,ILLUSTRATION,matched,0.73596,False,WAV2VEC2_ASR_BASE_960H,greedy_ctc_collapse
1919-142785-0000,bandwidth,severe,LONG,matched,0.9706,True,WAV2VEC2_ASR_BASE_960H,greedy_ctc_collapse
1919-142785-0000,bandwidth,severe,PEPPER,matched,0.989117,True,WAV2VEC2_ASR_BASE_960H,greedy_ctc_collapse
1919-142785-0000,dropout,mild,ILLUSTRATION,matched,0.967733,True,WAV2VEC2_ASR_BASE_960H,greedy_ctc_collapse
1919-142785-0000,dropout,mild,LONG,matched,0.900875,True,WAV2VEC2_ASR_BASE_960H,greedy_ctc_collapse
1919-142785-0000,dropout,mild,PEPPER,matched,0.99995,True,WAV2VEC2_ASR_BASE_960H,greedy_ctc_collapse
1919-142785-0000,dropout,medium,ILLUSTRATION,matched,0.97095,True,WAV2VEC2_ASR_BASE_960H,greedy_ctc_collapse
1919-142785-0000,dropout,medium,LONG,matched,0.9002,True,WAV2VEC2_ASR_BASE_960H,greedy_ctc_collapse
1919-142785-0000,dropout,medium,PEPPER,matched,0.999817,True,WAV2VEC2_ASR_BASE_960H,greedy_ctc_collapse
1919-142785-0000,dropout,severe,ILLUSTRATION,matched,0.99615,True,WAV2VEC2_ASR_BASE_960H,greedy_ctc_collapse
1919-142785-0000,dropout,severe,LONG,deleted,,,WAV2VEC2_ASR_BASE_960H,greedy_ctc_collapse
1919-142785-0000,dropout,severe,PEPPER,deleted,,,WAV2VEC2_ASR_BASE_960H,greedy_ctc_collapse
1919-142785-0000,reverberation,mild,ILLUSTRATION,matched,0.9679,True,WAV2VEC2_ASR_BASE_960H,greedy_ctc_collapse
1919-142785-0000,reverberation,mild,LONG,matched,0.994925,True,WAV2VEC2_ASR_BASE_960H,greedy_ctc_collapse
1919-142785-0000,reverberation,mild,PEPPER,matched,0.935167,True,WAV2VEC2_ASR_BASE_960H,greedy_ctc_collapse
1919-142785-0000,reverberation,medium,ILLUSTRATION,matched,0.947142,True,WAV2VEC2_ASR_BASE_960H,greedy_ctc_collapse
1919-142785-0000,reverberation,medium,LONG,matched,0.9722,True,WAV2VEC2_ASR_BASE_960H,greedy_ctc_collapse
1919-142785-0000,reverberation,medium,PEPPER,matched,0.929833,True,WAV2VEC2_ASR_BASE_960H,greedy_ctc_collapse
1919-142785-0000,reverberation,severe,ILLUSTRATION,matched,0.992925,True,WAV2VEC2_ASR_BASE_960H,greedy_ctc_collapse
1919-142785-0000,reverberation,severe,LONG,matched,0.801525,True,WAV2VEC2_ASR_BASE_960H,greedy_ctc_collapse
1919-142785-0000,reverberation,severe,PEPPER,matched,0.673667,False,WAV2VEC2_ASR_BASE_960H,greedy_ctc_collapse
1919-142785-0001,clean,none,LONG,matched,0.999225,True,WAV2VEC2_ASR_BASE_960H,greedy_ctc_collapse
1919-142785-0001,clean,none,PEPPER,matched,0.999183,True,WAV2VEC2_ASR_BASE_960H,greedy_ctc_collapse
1919-142785-0001,clean,none,THIS,matched,0.99925,True,WAV2VEC2_ASR_BASE_960H,greedy_ctc_collapse
1919-142785-0001,clean,none,IS,matched,0.9993,True,WAV2VEC2_ASR_BASE_960H,greedy_ctc_collapse
1919-142785-0001,clean,none,THE,matched,0.999833,True,WAV2VEC2_ASR_BASE_960H,greedy_ctc_collapse
1919-142785-0001,clean,none,PRODUCE,matched,1.0,True,WAV2VEC2_ASR_BASE_960H,greedy_ctc_collapse
1919-142785-0001,clean,none,OF,matched,0.99875,True,WAV2VEC2_ASR_BASE_960H,greedy_ctc_collapse
1919-142785-0001,clean,none,A,matched,0.5915,True,WAV2VEC2_ASR_BASE_960H,greedy_ctc_collapse
1919-142785-0001,clean,none,DIFFERENT,matched,0.998833,True,WAV2VEC2_ASR_BASE_960H,greedy_ctc_collapse
1919-142785-0001,clean,none,PLANT,matched,0.99992,True,WAV2VEC2_ASR_BASE_960H,greedy_ctc_collapse
1919-142785-0001,clean,none,FROM,matched,1.0,True,WAV2VEC2_ASR_BASE_960H,greedy_ctc_collapse
1919-142785-0001,clean,none,THAT,matched,0.97,True,WAV2VEC2_ASR_BASE_960H,greedy_ctc_collapse
1919-142785-0001,clean,none,WHICH,matched,1.0,True,WAV2VEC2_ASR_BASE_960H,greedy_ctc_collapse
1919-142785-0001,clean,none,PRODUCES,matched,0.9991,True,WAV2VEC2_ASR_BASE_960H,greedy_ctc_collapse
1919-142785-0001,clean,none,THE,matched,0.999267,True,WAV2VEC2_ASR_BASE_960H,greedy_ctc_collapse
1919-142785-0001,clean,none,BLACK,matched,0.99974,True,WAV2VEC2_ASR_BASE_960H,greedy_ctc_collapse
1919-142785-0001,clean,none,IT,matched,0.99985,True,WAV2VEC2_ASR_BASE_960H,greedy_ctc_collapse
1919-142785-0001,clean,none,CONSISTING,matched,0.99359,True,WAV2VEC2_ASR_BASE_960H,greedy_ctc_collapse
1919-142785-0001,clean,none,OF,matched,0.99985,True,WAV2VEC2_ASR_BASE_960H,greedy_ctc_collapse
1919-142785-0001,clean,none,THE,matched,0.996,True,WAV2VEC2_ASR_BASE_960H,greedy_ctc_collapse
1919-142785-0001,clean,none,HALF,matched,0.999925,True,WAV2VEC2_ASR_BASE_960H,greedy_ctc_collapse
1919-142785-0001,clean,none,RIPE,matched,0.9999,True,WAV2VEC2_ASR_BASE_960H,greedy_ctc_collapse
1919-142785-0001,clean,none,FLOWER,matched,0.997267,True,WAV2VEC2_ASR_BASE_960H,greedy_ctc_collapse
1919-142785-0001,clean,none,HEADS,matched,0.98378,True,WAV2VEC2_ASR_BASE_960H,greedy_ctc_collapse
1919-142785-0001,clean,none,OF,matched,0.99885,True,WAV2VEC2_ASR_BASE_960H,greedy_ctc_collapse
1919-142785-0001,clean,none,WHAT,matched,0.999975,True,WAV2VEC2_ASR_BASE_960H,greedy_ctc_collapse
1919-142785-0001,clean,none,NATURALISTS,matched,0.976618,True,WAV2VEC2_ASR_BASE_960H,greedy_ctc_collapse
1919-142785-0001,clean,none,CALL,matched,0.97585,True,WAV2VEC2_ASR_BASE_960H,greedy_ctc_collapse
1919-142785-0001,clean,none,PIPER,matched,0.836183,False,WAV2VEC2_ASR_BASE_960H,greedy_ctc_collapse
1919-142785-0001,clean,none,LONGUM,matched,0.952333,True,WAV2VEC2_ASR_BASE_960H,greedy_ctc_collapse
1919-142785-0001,clean,none,AND,matched,0.970133,True,WAV2VEC2_ASR_BASE_960H,greedy_ctc_collapse
1919-142785-0001,clean,none,CHABA,matched,0.99104,True,WAV2VEC2_ASR_BASE_960H,greedy_ctc_collapse
1919-142785-0001,additive_noise,mild,LONG,matched,0.999475,True,WAV2VEC2_ASR_BASE_960H,greedy_ctc_collapse
1919-142785-0001,additive_noise,mild,PEPPER,matched,0.9451,True,WAV2VEC2_ASR_BASE_960H,greedy_ctc_collapse
1919-142785-0001,additive_noise,mild,THIS,matched,0.997575,True,WAV2VEC2_ASR_BASE_960H,greedy_ctc_collapse
1919-142785-0001,additive_noise,mild,IS,matched,0.99945,True,WAV2VEC2_ASR_BASE_960H,greedy_ctc_collapse
1919-142785-0001,additive_noise,mild,THE,matched,0.9999,True,WAV2VEC2_ASR_BASE_960H,greedy_ctc_collapse
1919-142785-0001,additive_noise,mild,PRODUCE,matched,0.944557,True,WAV2VEC2_ASR_BASE_960H,greedy_ctc_collapse
1919-142785-0001,additive_noise,mild,OF,matched,0.9997,True,WAV2VEC2_ASR_BASE_960H,greedy_ctc_collapse
1919-142785-0001,additive_noise,mild,A,matched,0.9912,True,WAV2VEC2_ASR_BASE_960H,greedy_ctc_collapse
1919-142785-0001,additive_noise,mild,DIFFERENT,matched,0.999778,True,WAV2VEC2_ASR_BASE_960H,greedy_ctc_collapse
1919-142785-0001,additive_noise,mild,PLANT,matched,0.99984,True,WAV2VEC2_ASR_BASE_960H,greedy_ctc_collapse
1919-142785-0001,additive_noise,mild,FROM,matched,1.0,True,WAV2VEC2_ASR_BASE_960H,greedy_ctc_collapse
1919-142785-0001,additive_noise,mild,THAT,matched,0.974675,True,WAV2VEC2_ASR_BASE_960H,greedy_ctc_collapse
1919-142785-0001,additive_noise,mild,WHICH,matched,1.0,True,WAV2VEC2_ASR_BASE_960H,greedy_ctc_collapse
1919-142785-0001,additive_noise,mild,PRODUCES,matched,0.95655,True,WAV2VEC2_ASR_BASE_960H,greedy_ctc_collapse
1919-142785-0001,additive_noise,mild,THE,matched,0.966633,True,WAV2VEC2_ASR_BASE_960H,greedy_ctc_collapse
1919-142785-0001,additive_noise,mild,BLACK,matched,0.99298,True,WAV2VEC2_ASR_BASE_960H,greedy_ctc_collapse
1919-142785-0001,additive_noise,mild,IT,matched,0.99995,True,WAV2VEC2_ASR_BASE_960H,greedy_ctc_collapse
1919-142785-0001,additive_noise,mild,CONSISTING,matched,0.985,True,WAV2VEC2_ASR_BASE_960H,greedy_ctc_collapse
1919-142785-0001,additive_noise,mild,OF,matched,0.99985,True,WAV2VEC2_ASR_BASE_960H,greedy_ctc_collapse
1919-142785-0001,additive_noise,mild,THE,matched,0.9903,True,WAV2VEC2_ASR_BASE_960H,greedy_ctc_collapse
1919-142785-0001,additive_noise,mild,HALF,matched,0.999975,True,WAV2VEC2_ASR_BASE_960H,greedy_ctc_collapse
1919-142785-0001,additive_noise,mild,RIPE,matched,0.999775,True,WAV2VEC2_ASR_BASE_960H,greedy_ctc_collapse
1919-142785-0001,additive_noise,mild,FLOWER,matched,0.990817,True,WAV2VEC2_ASR_BASE_960H,greedy_ctc_collapse
1919-142785-0001,additive_noise,mild,HEADS,matched,0.96108,True,WAV2VEC2_ASR_BASE_960H,greedy_ctc_collapse
1919-142785-0001,additive_noise,mild,OF,matched,0.99965,True,WAV2VEC2_ASR_BASE_960H,greedy_ctc_collapse
1919-142785-0001,additive_noise,mild,WHAT,matched,0.99965,True,WAV2VEC2_ASR_BASE_960H,greedy_ctc_collapse
1919-142785-0001,additive_noise,mild,NATURALISTS,matched,0.995664,True,WAV2VEC2_ASR_BASE_960H,greedy_ctc_collapse
1919-142785-0001,additive_noise,mild,CALL,matched,0.9997,True,WAV2VEC2_ASR_BASE_960H,greedy_ctc_collapse
1919-142785-0001,additive_noise,mild,PIPER,matched,0.878917,False,WAV2VEC2_ASR_BASE_960H,greedy_ctc_collapse
1919-142785-0001,additive_noise,mild,LONGUM,matched,0.84115,False,WAV2VEC2_ASR_BASE_960H,greedy_ctc_collapse
1919-142785-0001,additive_noise,mild,AND,matched,0.991867,True,WAV2VEC2_ASR_BASE_960H,greedy_ctc_collapse
1919-142785-0001,additive_noise,mild,CHABA,matched,0.9932,True,WAV2VEC2_ASR_BASE_960H,greedy_ctc_collapse
1919-142785-0001,additive_noise,medium,LONG,matched,0.9803,True,WAV2VEC2_ASR_BASE_960H,greedy_ctc_collapse
1919-142785-0001,additive_noise,medium,PEPPER,matched,0.99815,True,WAV2VEC2_ASR_BASE_960H,greedy_ctc_collapse
1919-142785-0001,additive_noise,medium,THIS,matched,0.985575,True,WAV2VEC2_ASR_BASE_960H,greedy_ctc_collapse
1919-142785-0001,additive_noise,medium,IS,matched,0.99005,True,WAV2VEC2_ASR_BASE_960H,greedy_ctc_collapse
1919-142785-0001,additive_noise,medium,THE,matched,0.998967,True,WAV2VEC2_ASR_BASE_960H,greedy_ctc_collapse
1919-142785-0001,additive_noise,medium,PRODUCE,matched,0.999971,True,WAV2VEC2_ASR_BASE_960H,greedy_ctc_collapse
1919-142785-0001,additive_noise,medium,OF,matched,0.99965,True,WAV2VEC2_ASR_BASE_960H,greedy_ctc_collapse
1919-142785-0001,additive_noise,medium,A,matched,0.9865,True,WAV2VEC2_ASR_BASE_960H,greedy_ctc_collapse
1919-142785-0001,additive_noise,medium,DIFFERENT,matched,0.962489,True,WAV2VEC2_ASR_BASE_960H,greedy_ctc_collapse
1919-142785-0001,additive_noise,medium,PLANT,matched,0.9478,True,WAV2VEC2_ASR_BASE_960H,greedy_ctc_collapse
1919-142785-0001,additive_noise,medium,FROM,matched,0.99985,True,WAV2VEC2_ASR_BASE_960H,greedy_ctc_collapse
1919-142785-0001,additive_noise,medium,THAT,matched,0.942275,True,WAV2VEC2_ASR_BASE_960H,greedy_ctc_collapse
1919-142785-0001,additive_noise,medium,WHICH,matched,0.99996,True,WAV2VEC2_ASR_BASE_960H,greedy_ctc_collapse
1919-142785-0001,additive_noise,medium,PRODUCES,matched,0.9953,True,WAV2VEC2_ASR_BASE_960H,greedy_ctc_collapse
1919-142785-0001,additive_noise,medium,THE,matched,0.997267,True,WAV2VEC2_ASR_BASE_960H,greedy_ctc_collapse
1919-142785-0001,additive_noise,medium,BLACK,matched,0.99972,True,WAV2VEC2_ASR_BASE_960H,greedy_ctc_collapse
1919-142785-0001,additive_noise,medium,IT,matched,0.9812,False,WAV2VEC2_ASR_BASE_960H,greedy_ctc_collapse
1919-142785-0001,additive_noise,medium,CONSISTING,matched,0.99146,True,WAV2VEC2_ASR_BASE_960H,greedy_ctc_collapse
1919-142785-0001,additive_noise,medium,OF,matched,0.9997,True,WAV2VEC2_ASR_BASE_960H,greedy_ctc_collapse
1919-142785-0001,additive_noise,medium,THE,matched,0.9852,True,WAV2VEC2_ASR_BASE_960H,greedy_ctc_collapse
1919-142785-0001,additive_noise,medium,HALF,matched,0.9917,True,WAV2VEC2_ASR_BASE_960H,greedy_ctc_collapse
1919-142785-0001,additive_noise,medium,RIPE,matched,0.85865,True,WAV2VEC2_ASR_BASE_960H,greedy_ctc_collapse
1919-142785-0001,additive_noise,medium,FLOWER,matched,0.988117,True,WAV2VEC2_ASR_BASE_960H,greedy_ctc_collapse
1919-142785-0001,additive_noise,medium,HEADS,matched,0.82235,False,WAV2VEC2_ASR_BASE_960H,greedy_ctc_collapse
1919-142785-0001,additive_noise,medium,OF,matched,0.9971,True,WAV2VEC2_ASR_BASE_960H,greedy_ctc_collapse
1919-142785-0001,additive_noise,medium,WHAT,matched,0.99495,True,WAV2VEC2_ASR_BASE_960H,greedy_ctc_collapse
1919-142785-0001,additive_noise,medium,NATURALISTS,matched,0.9772,True,WAV2VEC2_ASR_BASE_960H,greedy_ctc_collapse
1919-142785-0001,additive_noise,medium,CALL,matched,0.86975,False,WAV2VEC2_ASR_BASE_960H,greedy_ctc_collapse
1919-142785-0001,additive_noise,medium,PIPER,matched,0.88535,False,WAV2VEC2_ASR_BASE_960H,greedy_ctc_collapse
1919-142785-0001,additive_noise,medium,LONGUM,matched,0.84245,False,WAV2VEC2_ASR_BASE_960H,greedy_ctc_collapse
1919-142785-0001,additive_noise,medium,AND,matched,0.995167,True,WAV2VEC2_ASR_BASE_960H,greedy_ctc_collapse
1919-142785-0001,additive_noise,medium,CHABA,matched,0.9808,True,WAV2VEC2_ASR_BASE_960H,greedy_ctc_collapse
1919-142785-0001,additive_noise,severe,LONG,matched,0.42835,False,WAV2VEC2_ASR_BASE_960H,greedy_ctc_collapse
1919-142785-0001,additive_noise,severe,PEPPER,matched,0.4165,False,WAV2VEC2_ASR_BASE_960H,greedy_ctc_collapse
1919-142785-0001,additive_noise,severe,THIS,matched,0.35395,False,WAV2VEC2_ASR_BASE_960H,greedy_ctc_collapse
1919-142785-0001,additive_noise,severe,IS,matched,0.5398,False,WAV2VEC2_ASR_BASE_960H,greedy_ctc_collapse
1919-142785-0001,additive_noise,severe,THE,matched,0.467,False,WAV2VEC2_ASR_BASE_960H,greedy_ctc_collapse
1919-142785-0001,additive_noise,severe,PRODUCE,matched,0.3375,False,WAV2VEC2_ASR_BASE_960H,greedy_ctc_collapse
1919-142785-0001,additive_noise,severe,OF,matched,0.38295,False,WAV2VEC2_ASR_BASE_960H,greedy_ctc_collapse
1919-142785-0001,additive_noise,severe,A,matched,0.329233,False,WAV2VEC2_ASR_BASE_960H,greedy_ctc_collapse
1919-142785-0001,additive_noise,severe,DIFFERENT,matched,0.41265,False,WAV2VEC2_ASR_BASE_960H,greedy_ctc_collapse
1919-142785-0001,additive_noise,severe,PLANT,matched,0.522425,False,WAV2VEC2_ASR_BASE_960H,greedy_ctc_collapse
1919-142785-0001,additive_noise,severe,FROM,matched,0.3553,False,WAV2VEC2_ASR_BASE_960H,greedy_ctc_collapse
1919-142785-0001,additive_noise,severe,THAT,matched,0.3276,False,WAV2VEC2_ASR_BASE_960H,greedy_ctc_collapse
1919-142785-0001,additive_noise,severe,WHICH,matched,0.588233,False,WAV2VEC2_ASR_BASE_960H,greedy_ctc_collapse
1919-142785-0001,additive_noise,severe,PRODUCES,matched,0.49235,False,WAV2VEC2_ASR_BASE_960H,greedy_ctc_collapse
1919-142785-0001,additive_noise,severe,THE,matched,0.37225,False,WAV2VEC2_ASR_BASE_960H,greedy_ctc_collapse
1919-142785-0001,additive_noise,severe,BLACK,matched,0.2681,False,WAV2VEC2_ASR_BASE_960H,greedy_ctc_collapse
1919-142785-0001,additive_noise,severe,IT,matched,0.38025,False,WAV2VEC2_ASR_BASE_960H,greedy_ctc_collapse
1919-142785-0001,additive_noise,severe,CONSISTING,matched,0.38485,False,WAV2VEC2_ASR_BASE_960H,greedy_ctc_collapse
1919-142785-0001,additive_noise,severe,OF,matched,0.2745,False,WAV2VEC2_ASR_BASE_960H,greedy_ctc_collapse
1919-142785-0001,additive_noise,severe,THE,matched,0.496067,True,WAV2VEC2_ASR_BASE_960H,greedy_ctc_collapse
1919-142785-0001,additive_noise,severe,HALF,matched,0.473267,False,WAV2VEC2_ASR_BASE_960H,greedy_ctc_collapse
1919-142785-0001,additive_noise,severe,RIPE,matched,0.38475,False,WAV2VEC2_ASR_BASE_960H,greedy_ctc_collapse
1919-142785-0001,additive_noise,severe,FLOWER,matched,0.493,False,WAV2VEC2_ASR_BASE_960H,greedy_ctc_collapse
1919-142785-0001,additive_noise,severe,HEADS,matched,0.2614,False,WAV2VEC2_ASR_BASE_960H,greedy_ctc_collapse
1919-142785-0001,additive_noise,severe,OF,matched,0.3926,False,WAV2VEC2_ASR_BASE_960H,greedy_ctc_collapse
1919-142785-0001,additive_noise,severe,WHAT,matched,0.557875,True,WAV2VEC2_ASR_BASE_960H,greedy_ctc_collapse
1919-142785-0001,additive_noise,severe,NATURALISTS,matched,0.3788,False,WAV2VEC2_ASR_BASE_960H,greedy_ctc_collapse
1919-142785-0001,additive_noise,severe,CALL,matched,0.3495,False,WAV2VEC2_ASR_BASE_960H,greedy_ctc_collapse
1919-142785-0001,additive_noise,severe,PIPER,matched,0.531067,False,WAV2VEC2_ASR_BASE_960H,greedy_ctc_collapse
1919-142785-0001,additive_noise,severe,LONGUM,matched,0.3216,False,WAV2VEC2_ASR_BASE_960H,greedy_ctc_collapse
1919-142785-0001,additive_noise,severe,AND,matched,0.441,False,WAV2VEC2_ASR_BASE_960H,greedy_ctc_collapse
1919-142785-0001,additive_noise,severe,CHABA,matched,0.643525,False,WAV2VEC2_ASR_BASE_960H,greedy_ctc_collapse
1919-142785-0001,clipping,mild,LONG,matched,0.999225,True,WAV2VEC2_ASR_BASE_960H,greedy_ctc_collapse
1919-142785-0001,clipping,mild,PEPPER,matched,0.999183,True,WAV2VEC2_ASR_BASE_960H,greedy_ctc_collapse
1919-142785-0001,clipping,mild,THIS,matched,0.999225,True,WAV2VEC2_ASR_BASE_960H,greedy_ctc_collapse
1919-142785-0001,clipping,mild,IS,matched,0.99935,True,WAV2VEC2_ASR_BASE_960H,greedy_ctc_collapse
1919-142785-0001,clipping,mild,THE,matched,0.999833,True,WAV2VEC2_ASR_BASE_960H,greedy_ctc_collapse
1919-142785-0001,clipping,mild,PRODUCE,matched,1.0,True,WAV2VEC2_ASR_BASE_960H,greedy_ctc_collapse
1919-142785-0001,clipping,mild,OF,matched,0.99875,True,WAV2VEC2_ASR_BASE_960H,greedy_ctc_collapse
1919-142785-0001,clipping,mild,A,matched,0.5801,True,WAV2VEC2_ASR_BASE_960H,greedy_ctc_collapse
1919-142785-0001,clipping,mild,DIFFERENT,matched,0.998822,True,WAV2VEC2_ASR_BASE_960H,greedy_ctc_collapse
1919-142785-0001,clipping,mild,PLANT,matched,0.99992,True,WAV2VEC2_ASR_BASE_960H,greedy_ctc_collapse
1919-142785-0001,clipping,mild,FROM,matched,1.0,True,WAV2VEC2_ASR_BASE_960H,greedy_ctc_collapse
1919-142785-0001,clipping,mild,THAT,matched,0.96955,True,WAV2VEC2_ASR_BASE_960H,greedy_ctc_collapse
1919-142785-0001,clipping,mild,WHICH,matched,1.0,True,WAV2VEC2_ASR_BASE_960H,greedy_ctc_collapse
1919-142785-0001,clipping,mild,PRODUCES,matched,0.999088,True,WAV2VEC2_ASR_BASE_960H,greedy_ctc_collapse
1919-142785-0001,clipping,mild,THE,matched,0.9993,True,WAV2VEC2_ASR_BASE_960H,greedy_ctc_collapse
1919-142785-0001,clipping,mild,BLACK,matched,0.99974,True,WAV2VEC2_ASR_BASE_960H,greedy_ctc_collapse
1919-142785-0001,clipping,mild,IT,matched,0.99985,True,WAV2VEC2_ASR_BASE_960H,greedy_ctc_collapse
1919-142785-0001,clipping,mild,CONSISTING,matched,0.99357,True,WAV2VEC2_ASR_BASE_960H,greedy_ctc_collapse
1919-142785-0001,clipping,mild,OF,matched,0.99985,True,WAV2VEC2_ASR_BASE_960H,greedy_ctc_collapse
1919-142785-0001,clipping,mild,THE,matched,0.996,True,WAV2VEC2_ASR_BASE_960H,greedy_ctc_collapse
1919-142785-0001,clipping,mild,HALF,matched,0.999925,True,WAV2VEC2_ASR_BASE_960H,greedy_ctc_collapse
1919-142785-0001,clipping,mild,RIPE,matched,0.9999,True,WAV2VEC2_ASR_BASE_960H,greedy_ctc_collapse
1919-142785-0001,clipping,mild,FLOWER,matched,0.997283,True,WAV2VEC2_ASR_BASE_960H,greedy_ctc_collapse
1919-142785-0001,clipping,mild,HEADS,matched,0.98378,True,WAV2VEC2_ASR_BASE_960H,greedy_ctc_collapse
1919-142785-0001,clipping,mild,OF,matched,0.99885,True,WAV2VEC2_ASR_BASE_960H,greedy_ctc_collapse
1919-142785-0001,clipping,mild,WHAT,matched,0.999975,True,WAV2VEC2_ASR_BASE_960H,greedy_ctc_collapse
1919-142785-0001,clipping,mild,NATURALISTS,matched,0.976482,True,WAV2VEC2_ASR_BASE_960H,greedy_ctc_collapse
1919-142785-0001,clipping,mild,CALL,matched,0.97615,True,WAV2VEC2_ASR_BASE_960H,greedy_ctc_collapse
1919-142785-0001,clipping,mild,PIPER,matched,0.836233,False,WAV2VEC2_ASR_BASE_960H,greedy_ctc_collapse
1919-142785-0001,clipping,mild,LONGUM,matched,0.952383,True,WAV2VEC2_ASR_BASE_960H,greedy_ctc_collapse
1919-142785-0001,clipping,mild,AND,matched,0.9701,True,WAV2VEC2_ASR_BASE_960H,greedy_ctc_collapse
1919-142785-0001,clipping,mild,CHABA,matched,0.99098,True,WAV2VEC2_ASR_BASE_960H,greedy_ctc_collapse
1919-142785-0001,clipping,medium,LONG,matched,0.9988,True,WAV2VEC2_ASR_BASE_960H,greedy_ctc_collapse
1919-142785-0001,clipping,medium,PEPPER,matched,0.999317,True,WAV2VEC2_ASR_BASE_960H,greedy_ctc_collapse
1919-142785-0001,clipping,medium,THIS,matched,0.999125,True,WAV2VEC2_ASR_BASE_960H,greedy_ctc_collapse
1919-142785-0001,clipping,medium,IS,matched,0.99915,True,WAV2VEC2_ASR_BASE_960H,greedy_ctc_collapse
1919-142785-0001,clipping,medium,THE,matched,0.999833,True,WAV2VEC2_ASR_BASE_960H,greedy_ctc_collapse
1919-142785-0001,clipping,medium,PRODUCE,matched,1.0,True,WAV2VEC2_ASR_BASE_960H,greedy_ctc_collapse
1919-142785-0001,clipping,medium,OF,matched,0.99815,True,WAV2VEC2_ASR_BASE_960H,greedy_ctc_collapse
1919-142785-0001,clipping,medium,A,matched,0.907,True,WAV2VEC2_ASR_BASE_960H,greedy_ctc_collapse
1919-142785-0001,clipping,medium,DIFFERENT,matched,0.999067,True,WAV2VEC2_ASR_BASE_960H,greedy_ctc_collapse
1919-142785-0001,clipping,medium,PLANT,matched,0.99992,True,WAV2VEC2_ASR_BASE_960H,greedy_ctc_collapse
1919-142785-0001,clipping,medium,FROM,matched,1.0,True,WAV2VEC2_ASR_BASE_960H,greedy_ctc_collapse
1919-142785-0001,clipping,medium,THAT,matched,0.953425,True,WAV2VEC2_ASR_BASE_960H,greedy_ctc_collapse
1919-142785-0001,clipping,medium,WHICH,matched,1.0,True,WAV2VEC2_ASR_BASE_960H,greedy_ctc_collapse
1919-142785-0001,clipping,medium,PRODUCES,matched,0.999038,True,WAV2VEC2_ASR_BASE_960H,greedy_ctc_collapse
1919-142785-0001,clipping,medium,THE,matched,0.999267,True,WAV2VEC2_ASR_BASE_960H,greedy_ctc_collapse
1919-142785-0001,clipping,medium,BLACK,matched,0.99972,True,WAV2VEC2_ASR_BASE_960H,greedy_ctc_collapse
1919-142785-0001,clipping,medium,IT,matched,0.99995,True,WAV2VEC2_ASR_BASE_960H,greedy_ctc_collapse
1919-142785-0001,clipping,medium,CONSISTING,matched,0.99506,True,WAV2VEC2_ASR_BASE_960H,greedy_ctc_collapse
1919-142785-0001,clipping,medium,OF,matched,0.99985,True,WAV2VEC2_ASR_BASE_960H,greedy_ctc_collapse
1919-142785-0001,clipping,medium,THE,matched,0.996167,True,WAV2VEC2_ASR_BASE_960H,greedy_ctc_collapse
1919-142785-0001,clipping,medium,HALF,matched,0.99995,True,WAV2VEC2_ASR_BASE_960H,greedy_ctc_collapse
1919-142785-0001,clipping,medium,RIPE,matched,0.9999,True,WAV2VEC2_ASR_BASE_960H,greedy_ctc_collapse
1919-142785-0001,clipping,medium,FLOWER,matched,0.997067,True,WAV2VEC2_ASR_BASE_960H,greedy_ctc_collapse
1919-142785-0001,clipping,medium,HEADS,matched,0.98266,True,WAV2VEC2_ASR_BASE_960H,greedy_ctc_collapse
1919-142785-0001,clipping,medium,OF,matched,0.99885,True,WAV2VEC2_ASR_BASE_960H,greedy_ctc_collapse
1919-142785-0001,clipping,medium,WHAT,matched,0.999975,True,WAV2VEC2_ASR_BASE_960H,greedy_ctc_collapse
1919-142785-0001,clipping,medium,NATURALISTS,matched,0.976636,True,WAV2VEC2_ASR_BASE_960H,greedy_ctc_collapse
1919-142785-0001,clipping,medium,CALL,matched,0.955725,True,WAV2VEC2_ASR_BASE_960H,greedy_ctc_collapse
1919-142785-0001,clipping,medium,PIPER,matched,0.846083,False,WAV2VEC2_ASR_BASE_960H,greedy_ctc_collapse
1919-142785-0001,clipping,medium,LONGUM,matched,0.951117,True,WAV2VEC2_ASR_BASE_960H,greedy_ctc_collapse
1919-142785-0001,clipping,medium,AND,matched,0.9721,True,WAV2VEC2_ASR_BASE_960H,greedy_ctc_collapse
1919-142785-0001,clipping,medium,CHABA,matched,0.99426,True,WAV2VEC2_ASR_BASE_960H,greedy_ctc_collapse
1919-142785-0001,clipping,severe,LONG,matched,0.994825,True,WAV2VEC2_ASR_BASE_960H,greedy_ctc_collapse
1919-142785-0001,clipping,severe,PEPPER,matched,0.999783,True,WAV2VEC2_ASR_BASE_960H,greedy_ctc_collapse
1919-142785-0001,clipping,severe,THIS,matched,0.998825,True,WAV2VEC2_ASR_BASE_960H,greedy_ctc_collapse
1919-142785-0001,clipping,severe,IS,matched,0.9924,True,WAV2VEC2_ASR_BASE_960H,greedy_ctc_collapse
1919-142785-0001,clipping,severe,THE,matched,0.999767,True,WAV2VEC2_ASR_BASE_960H,greedy_ctc_collapse
1919-142785-0001,clipping,severe,PRODUCE,matched,0.945543,True,WAV2VEC2_ASR_BASE_960H,greedy_ctc_collapse
1919-142785-0001,clipping,severe,OF,matched,0.9703,True,WAV2VEC2_ASR_BASE_960H,greedy_ctc_collapse
1919-142785-0001,clipping,severe,A,matched,0.9962,True,WAV2VEC2_ASR_BASE_960H,greedy_ctc_collapse
1919-142785-0001,clipping,severe,DIFFERENT,matched,0.9926,True,WAV2VEC2_ASR_BASE_960H,greedy_ctc_collapse
1919-142785-0001,clipping,severe,PLANT,matched,0.99986,True,WAV2VEC2_ASR_BASE_960H,greedy_ctc_collapse
1919-142785-0001,clipping,severe,FROM,matched,0.99995,True,WAV2VEC2_ASR_BASE_960H,greedy_ctc_collapse
1919-142785-0001,clipping,severe,THAT,matched,0.9524,True,WAV2VEC2_ASR_BASE_960H,greedy_ctc_collapse
1919-142785-0001,clipping,severe,WHICH,matched,1.0,True,WAV2VEC2_ASR_BASE_960H,greedy_ctc_collapse
1919-142785-0001,clipping,severe,PRODUCES,matched,0.952263,True,WAV2VEC2_ASR_BASE_960H,greedy_ctc_collapse
1919-142785-0001,clipping,severe,THE,matched,0.999033,True,WAV2VEC2_ASR_BASE_960H,greedy_ctc_collapse
1919-142785-0001,clipping,severe,BLACK,matched,0.99978,True,WAV2VEC2_ASR_BASE_960H,greedy_ctc_collapse
1919-142785-0001,clipping,severe,IT,matched,0.99995,True,WAV2VEC2_ASR_BASE_960H,greedy_ctc_collapse
1919-142785-0001,clipping,severe,CONSISTING,matched,0.99372,True,WAV2VEC2_ASR_BASE_960H,greedy_ctc_collapse
1919-142785-0001,clipping,severe,OF,matched,0.99985,True,WAV2VEC2_ASR_BASE_960H,greedy_ctc_collapse
1919-142785-0001,clipping,severe,THE,matched,0.993833,True,WAV2VEC2_ASR_BASE_960H,greedy_ctc_collapse
1919-142785-0001,clipping,severe,HALF,matched,0.999925,True,WAV2VEC2_ASR_BASE_960H,greedy_ctc_collapse
1919-142785-0001,clipping,severe,RIPE,matched,0.9504,False,WAV2VEC2_ASR_BASE_960H,greedy_ctc_collapse
1919-142785-0001,clipping,severe,FLOWER,matched,0.989917,True,WAV2VEC2_ASR_BASE_960H,greedy_ctc_collapse
1919-142785-0001,clipping,severe,HEADS,matched,0.96444,True,WAV2VEC2_ASR_BASE_960H,greedy_ctc_collapse
1919-142785-0001,clipping,severe,OF,matched,0.99665,True,WAV2VEC2_ASR_BASE_960H,greedy_ctc_collapse
1919-142785-0001,clipping,severe,WHAT,matched,0.999925,True,WAV2VEC2_ASR_BASE_960H,greedy_ctc_collapse
1919-142785-0001,clipping,severe,NATURALISTS,matched,0.997691,True,WAV2VEC2_ASR_BASE_960H,greedy_ctc_collapse
1919-142785-0001,clipping,severe,CALL,matched,0.999625,True,WAV2VEC2_ASR_BASE_960H,greedy_ctc_collapse
1919-142785-0001,clipping,severe,PIPER,matched,0.884083,False,WAV2VEC2_ASR_BASE_960H,greedy_ctc_collapse
1919-142785-0001,clipping,severe,LONGUM,matched,0.9685,True,WAV2VEC2_ASR_BASE_960H,greedy_ctc_collapse
1919-142785-0001,clipping,severe,AND,matched,0.9692,True,WAV2VEC2_ASR_BASE_960H,greedy_ctc_collapse
1919-142785-0001,clipping,severe,CHABA,matched,0.98884,True,WAV2VEC2_ASR_BASE_960H,greedy_ctc_collapse
1919-142785-0001,bandwidth,mild,LONG,matched,0.99985,True,WAV2VEC2_ASR_BASE_960H,greedy_ctc_collapse
1919-142785-0001,bandwidth,mild,PEPPER,matched,0.999317,True,WAV2VEC2_ASR_BASE_960H,greedy_ctc_collapse
1919-142785-0001,bandwidth,mild,THIS,matched,0.99875,True,WAV2VEC2_ASR_BASE_960H,greedy_ctc_collapse
1919-142785-0001,bandwidth,mild,IS,matched,0.9993,True,WAV2VEC2_ASR_BASE_960H,greedy_ctc_collapse
1919-142785-0001,bandwidth,mild,THE,matched,0.999,True,WAV2VEC2_ASR_BASE_960H,greedy_ctc_collapse
1919-142785-0001,bandwidth,mild,PRODUCE,matched,0.982,True,WAV2VEC2_ASR_BASE_960H,greedy_ctc_collapse
1919-142785-0001,bandwidth,mild,OF,matched,0.9998,True,WAV2VEC2_ASR_BASE_960H,greedy_ctc_collapse
1919-142785-0001,bandwidth,mild,A,matched,0.9952,True,WAV2VEC2_ASR_BASE_960H,greedy_ctc_collapse
1919-142785-0001,bandwidth,mild,DIFFERENT,matched,0.999822,True,WAV2VEC2_ASR_BASE_960H,greedy_ctc_collapse
1919-142785-0001,bandwidth,mild,PLANT,matched,0.9999,True,WAV2VEC2_ASR_BASE_960H,greedy_ctc_collapse
1919-142785-0001,bandwidth,mild,FROM,matched,0.99965,True,WAV2VEC2_ASR_BASE_960H,greedy_ctc_collapse
1919-142785-0001,bandwidth,mild,THAT,matched,0.99885,True,WAV2VEC2_ASR_BASE_960H,greedy_ctc_collapse
1919-142785-0001,bandwidth,mild,WHICH,matched,1.0,True,WAV2VEC2_ASR_BASE_960H,greedy_ctc_collapse
1919-142785-0001,bandwidth,mild,PRODUCES,matched,0.931775,True,WAV2VEC2_ASR_BASE_960H,greedy_ctc_collapse
1919-142785-0001,bandwidth,mild,THE,matched,0.997567,True,WAV2VEC2_ASR_BASE_960H,greedy_ctc_collapse
1919-142785-0001,bandwidth,mild,BLACK,matched,0.99942,True,WAV2VEC2_ASR_BASE_960H,greedy_ctc_collapse
1919-142785-0001,bandwidth,mild,IT,matched,0.99975,True,WAV2VEC2_ASR_BASE_960H,greedy_ctc_collapse
1919-142785-0001,bandwidth,mild,CONSISTING,matched,0.99298,True,WAV2VEC2_ASR_BASE_960H,greedy_ctc_collapse
1919-142785-0001,bandwidth,mild,OF,matched,0.9999,True,WAV2VEC2_ASR_BASE_960H,greedy_ctc_collapse
1919-142785-0001,bandwidth,mild,THE,matched,0.995167,True,WAV2VEC2_ASR_BASE_960H,greedy_ctc_collapse
1919-142785-0001,bandwidth,mild,HALF,matched,0.91795,True,WAV2VEC2_ASR_BASE_960H,greedy_ctc_collapse
1919-142785-0001,bandwidth,mild,RIPE,matched,0.99995,True,WAV2VEC2_ASR_BASE_960H,greedy_ctc_collapse
1919-142785-0001,bandwidth,mild,FLOWER,matched,0.998167,True,WAV2VEC2_ASR_BASE_960H,greedy_ctc_collapse
1919-142785-0001,bandwidth,mild,HEADS,matched,0.99042,True,WAV2VEC2_ASR_BASE_960H,greedy_ctc_collapse
1919-142785-0001,bandwidth,mild,OF,matched,0.9993,True,WAV2VEC2_ASR_BASE_960H,greedy_ctc_collapse
1919-142785-0001,bandwidth,mild,WHAT,matched,0.999975,True,WAV2VEC2_ASR_BASE_960H,greedy_ctc_collapse
1919-142785-0001,bandwidth,mild,NATURALISTS,matched,0.998064,True,WAV2VEC2_ASR_BASE_960H,greedy_ctc_collapse
1919-142785-0001,bandwidth,mild,CALL,matched,0.999775,True,WAV2VEC2_ASR_BASE_960H,greedy_ctc_collapse
1919-142785-0001,bandwidth,mild,PIPER,matched,0.882483,False,WAV2VEC2_ASR_BASE_960H,greedy_ctc_collapse
1919-142785-0001,bandwidth,mild,LONGUM,matched,0.82165,True,WAV2VEC2_ASR_BASE_960H,greedy_ctc_collapse
1919-142785-0001,bandwidth,mild,AND,matched,0.967133,True,WAV2VEC2_ASR_BASE_960H,greedy_ctc_collapse
1919-142785-0001,bandwidth,mild,CHABA,matched,0.98782,True,WAV2VEC2_ASR_BASE_960H,greedy_ctc_collapse
1919-142785-0001,bandwidth,medium,LONG,matched,0.99835,True,WAV2VEC2_ASR_BASE_960H,greedy_ctc_collapse
1919-142785-0001,bandwidth,medium,PEPPER,matched,0.998783,True,WAV2VEC2_ASR_BASE_960H,greedy_ctc_collapse
1919-142785-0001,bandwidth,medium,THIS,matched,0.998675,True,WAV2VEC2_ASR_BASE_960H,greedy_ctc_collapse
1919-142785-0001,bandwidth,medium,IS,matched,0.9992,True,WAV2VEC2_ASR_BASE_960H,greedy_ctc_collapse
1919-142785-0001,bandwidth,medium,THE,matched,0.998733,True,WAV2VEC2_ASR_BASE_960H,greedy_ctc_collapse
1919-142785-0001,bandwidth,medium,PRODUCE,matched,0.987971,True,WAV2VEC2_ASR_BASE_960H,greedy_ctc_collapse
1919-142785-0001,bandwidth,medium,OF,matched,0.99995,True,WAV2VEC2_ASR_BASE_960H,greedy_ctc_collapse
1919-142785-0001,bandwidth,medium,A,matched,0.9952,True,WAV2VEC2_ASR_BASE_960H,greedy_ctc_collapse
1919-142785-0001,bandwidth,medium,DIFFERENT,matched,0.999856,True,WAV2VEC2_ASR_BASE_960H,greedy_ctc_collapse
1919-142785-0001,bandwidth,medium,PLANT,matched,0.99992,True,WAV2VEC2_ASR_BASE_960H,greedy_ctc_collapse
1919-142785-0001,bandwidth,medium,FROM,matched,0.99995,True,WAV2VEC2_ASR_BASE_960H,greedy_ctc_collapse
1919-142785-0001,bandwidth,medium,THAT,matched,0.99775,True,WAV2VEC2_ASR_BASE_960H,greedy_ctc_collapse
1919-142785-0001,bandwidth,medium,WHICH,matched,1.0,True,WAV2VEC2_ASR_BASE_960H,greedy_ctc_collapse
1919-142785-0001,bandwidth,medium,PRODUCES,matched,0.997125,True,WAV2VEC2_ASR_BASE_960H,greedy_ctc_collapse
1919-142785-0001,bandwidth,medium,THE,matched,0.997867,True,WAV2VEC2_ASR_BASE_960H,greedy_ctc_collapse
1919-142785-0001,bandwidth,medium,BLACK,matched,0.9996,True,WAV2VEC2_ASR_BASE_960H,greedy_ctc_collapse
1919-142785-0001,bandwidth,medium,IT,matched,0.89575,True,WAV2VEC2_ASR_BASE_960H,greedy_ctc_collapse
1919-142785-0001,bandwidth,medium,CONSISTING,matched,0.93454,True,WAV2VEC2_ASR_BASE_960H,greedy_ctc_collapse
1919-142785-0001,bandwidth,medium,OF,matched,0.9999,True,WAV2VEC2_ASR_BASE_960H,greedy_ctc_collapse
1919-142785-0001,bandwidth,medium,THE,matched,0.998633,True,WAV2VEC2_ASR_BASE_960H,greedy_ctc_collapse
1919-142785-0001,bandwidth,medium,HALF,matched,0.982825,True,WAV2VEC2_ASR_BASE_960H,greedy_ctc_collapse
1919-142785-0001,bandwidth,medium,RIPE,matched,0.99995,True,WAV2VEC2_ASR_BASE_960H,greedy_ctc_collapse
1919-142785-0001,bandwidth,medium,FLOWER,matched,0.997183,True,WAV2VEC2_ASR_BASE_960H,greedy_ctc_collapse
1919-142785-0001,bandwidth,medium,HEADS,matched,0.91678,True,WAV2VEC2_ASR_BASE_960H,greedy_ctc_collapse
1919-142785-0001,bandwidth,medium,OF,matched,0.99935,True,WAV2VEC2_ASR_BASE_960H,greedy_ctc_collapse
1919-142785-0001,bandwidth,medium,WHAT,matched,0.999975,True,WAV2VEC2_ASR_BASE_960H,greedy_ctc_collapse
1919-142785-0001,bandwidth,medium,NATURALISTS,matched,0.9982,True,WAV2VEC2_ASR_BASE_960H,greedy_ctc_collapse
1919-142785-0001,bandwidth,medium,CALL,matched,0.999775,True,WAV2VEC2_ASR_BASE_960H,greedy_ctc_collapse
1919-142785-0001,bandwidth,medium,PIPER,matched,0.874833,False,WAV2VEC2_ASR_BASE_960H,greedy_ctc_collapse
1919-142785-0001,bandwidth,medium,LONGUM,matched,0.866617,False,WAV2VEC2_ASR_BASE_960H,greedy_ctc_collapse
1919-142785-0001,bandwidth,medium,AND,matched,0.969233,True,WAV2VEC2_ASR_BASE_960H,greedy_ctc_collapse
1919-142785-0001,bandwidth,medium,CHABA,matched,0.99092,True,WAV2VEC2_ASR_BASE_960H,greedy_ctc_collapse
1919-142785-0001,bandwidth,severe,LONG,matched,0.99705,True,WAV2VEC2_ASR_BASE_960H,greedy_ctc_collapse
1919-142785-0001,bandwidth,severe,PEPPER,matched,0.971567,True,WAV2VEC2_ASR_BASE_960H,greedy_ctc_collapse
1919-142785-0001,bandwidth,severe,THIS,matched,0.998325,True,WAV2VEC2_ASR_BASE_960H,greedy_ctc_collapse
1919-142785-0001,bandwidth,severe,IS,matched,0.98745,True,WAV2VEC2_ASR_BASE_960H,greedy_ctc_collapse
1919-142785-0001,bandwidth,severe,THE,matched,0.996133,True,WAV2VEC2_ASR_BASE_960H,greedy_ctc_collapse
1919-142785-0001,bandwidth,severe,PRODUCE,matched,0.967986,True,WAV2VEC2_ASR_BASE_960H,greedy_ctc_collapse
1919-142785-0001,bandwidth,severe,OF,matched,0.99985,True,WAV2VEC2_ASR_BASE_960H,greedy_ctc_collapse
1919-142785-0001,bandwidth,severe,A,matched,0.9861,True,WAV2VEC2_ASR_BASE_960H,greedy_ctc_collapse
1919-142785-0001,bandwidth,severe,DIFFERENT,matched,0.999422,True,WAV2VEC2_ASR_BASE_960H,greedy_ctc_collapse
1919-142785-0001,bandwidth,severe,PLANT,matched,0.99982,True,WAV2VEC2_ASR_BASE_960H,greedy_ctc_collapse
1919-142785-0001,bandwidth,severe,FROM,matched,0.999975,True,WAV2VEC2_ASR_BASE_960H,greedy_ctc_collapse
1919-142785-0001,bandwidth,severe,THAT,matched,0.910875,True,WAV2VEC2_ASR_BASE_960H,greedy_ctc_collapse
1919-142785-0001,bandwidth,severe,WHICH,matched,1.0,True,WAV2VEC2_ASR_BASE_960H,greedy_ctc_collapse
1919-142785-0001,bandwidth,severe,PRODUCES,matched,0.99885,True,WAV2VEC2_ASR_BASE_960H,greedy_ctc_collapse
1919-142785-0001,bandwidth,severe,THE,matched,0.876367,True,WAV2VEC2_ASR_BASE_960H,greedy_ctc_collapse
1919-142785-0001,bandwidth,severe,BLACK,matched,0.99934,True,WAV2VEC2_ASR_BASE_960H,greedy_ctc_collapse
1919-142785-0001,bandwidth,severe,IT,matched,0.9996,True,WAV2VEC2_ASR_BASE_960H,greedy_ctc_collapse
1919-142785-0001,bandwidth,severe,CONSISTING,matched,0.99553,True,WAV2VEC2_ASR_BASE_960H,greedy_ctc_collapse
1919-142785-0001,bandwidth,severe,OF,matched,0.99985,True,WAV2VEC2_ASR_BASE_960H,greedy_ctc_collapse
1919-142785-0001,bandwidth,severe,THE,matched,0.9942,True,WAV2VEC2_ASR_BASE_960H,greedy_ctc_collapse
1919-142785-0001,bandwidth,severe,HALF,matched,0.923,True,WAV2VEC2_ASR_BASE_960H,greedy_ctc_collapse
1919-142785-0001,bandwidth,severe,RIPE,matched,0.91224,False,WAV2VEC2_ASR_BASE_960H,greedy_ctc_collapse
1919-142785-0001,bandwidth,severe,FLOWER,matched,0.995183,True,WAV2VEC2_ASR_BASE_960H,greedy_ctc_collapse
1919-142785-0001,bandwidth,severe,HEADS,matched,0.9137,True,WAV2VEC2_ASR_BASE_960H,greedy_ctc_collapse
1919-142785-0001,bandwidth,severe,OF,matched,0.9971,True,WAV2VEC2_ASR_BASE_960H,greedy_ctc_collapse
1919-142785-0001,bandwidth,severe,WHAT,matched,0.994325,True,WAV2VEC2_ASR_BASE_960H,greedy_ctc_collapse
1919-142785-0001,bandwidth,severe,NATURALISTS,matched,0.995555,True,WAV2VEC2_ASR_BASE_960H,greedy_ctc_collapse
1919-142785-0001,bandwidth,severe,CALL,matched,0.999,True,WAV2VEC2_ASR_BASE_960H,greedy_ctc_collapse
1919-142785-0001,bandwidth,severe,PIPER,matched,0.927083,False,WAV2VEC2_ASR_BASE_960H,greedy_ctc_collapse
1919-142785-0001,bandwidth,severe,LONGUM,matched,0.9521,False,WAV2VEC2_ASR_BASE_960H,greedy_ctc_collapse
1919-142785-0001,bandwidth,severe,AND,matched,0.861533,True,WAV2VEC2_ASR_BASE_960H,greedy_ctc_collapse
1919-142785-0001,bandwidth,severe,CHABA,matched,0.883675,False,WAV2VEC2_ASR_BASE_960H,greedy_ctc_collapse
1919-142785-0001,dropout,mild,LONG,matched,0.9995,True,WAV2VEC2_ASR_BASE_960H,greedy_ctc_collapse
1919-142785-0001,dropout,mild,PEPPER,matched,0.999833,True,WAV2VEC2_ASR_BASE_960H,greedy_ctc_collapse
1919-142785-0001,dropout,mild,THIS,matched,0.99925,True,WAV2VEC2_ASR_BASE_960H,greedy_ctc_collapse
1919-142785-0001,dropout,mild,IS,matched,0.9993,True,WAV2VEC2_ASR_BASE_960H,greedy_ctc_collapse
1919-142785-0001,dropout,mild,THE,matched,0.999833,True,WAV2VEC2_ASR_BASE_960H,greedy_ctc_collapse
1919-142785-0001,dropout,mild,PRODUCE,matched,1.0,True,WAV2VEC2_ASR_BASE_960H,greedy_ctc_collapse
1919-142785-0001,dropout,mild,OF,matched,0.9985,True,WAV2VEC2_ASR_BASE_960H,greedy_ctc_collapse
1919-142785-0001,dropout,mild,A,matched,0.9969,True,WAV2VEC2_ASR_BASE_960H,greedy_ctc_collapse
1919-142785-0001,dropout,mild,DIFFERENT,matched,0.998822,True,WAV2VEC2_ASR_BASE_960H,greedy_ctc_collapse
1919-142785-0001,dropout,mild,PLANT,matched,0.99992,True,WAV2VEC2_ASR_BASE_960H,greedy_ctc_collapse
1919-142785-0001,dropout,mild,FROM,matched,1.0,True,WAV2VEC2_ASR_BASE_960H,greedy_ctc_collapse
1919-142785-0001,dropout,mild,THAT,matched,0.968225,True,WAV2VEC2_ASR_BASE_960H,greedy_ctc_collapse
1919-142785-0001,dropout,mild,WHICH,matched,1.0,True,WAV2VEC2_ASR_BASE_960H,greedy_ctc_collapse
1919-142785-0001,dropout,mild,PRODUCES,matched,0.99905,True,WAV2VEC2_ASR_BASE_960H,greedy_ctc_collapse
1919-142785-0001,dropout,mild,THE,matched,0.9993,True,WAV2VEC2_ASR_BASE_960H,greedy_ctc_collapse
1919-142785-0001,dropout,mild,BLACK,matched,0.99976,True,WAV2VEC2_ASR_BASE_960H,greedy_ctc_collapse
1919-142785-0001,dropout,mild,IT,matched,0.99985,True,WAV2VEC2_ASR_BASE_960H,greedy_ctc_collapse
1919-142785-0001,dropout,mild,CONSISTING,matched,0.99396,True,WAV2VEC2_ASR_BASE_960H,greedy_ctc_collapse
1919-142785-0001,dropout,mild,OF,matched,0.99985,True,WAV2VEC2_ASR_BASE_960H,greedy_ctc_collapse
1919-142785-0001,dropout,mild,THE,matched,0.996267,True,WAV2VEC2_ASR_BASE_960H,greedy_ctc_collapse
1919-142785-0001,dropout,mild,HALF,matched,0.999925,True,WAV2VEC2_ASR_BASE_960H,greedy_ctc_collapse
1919-142785-0001,dropout,mild,RIPE,matched,0.9999,True,WAV2VEC2_ASR_BASE_960H,greedy_ctc_collapse
1919-142785-0001,dropout,mild,FLOWER,matched,0.9973,True,WAV2VEC2_ASR_BASE_960H,greedy_ctc_collapse
1919-142785-0001,dropout,mild,HEADS,matched,0.98466,True,WAV2VEC2_ASR_BASE_960H,greedy_ctc_collapse
1919-142785-0001,dropout,mild,OF,matched,0.99885,True,WAV2VEC2_ASR_BASE_960H,greedy_ctc_collapse
1919-142785-0001,dropout,mild,WHAT,matched,0.999975,True,WAV2VEC2_ASR_BASE_960H,greedy_ctc_collapse
1919-142785-0001,dropout,mild,NATURALISTS,matched,0.979536,True,WAV2VEC2_ASR_BASE_960H,greedy_ctc_collapse
1919-142785-0001,dropout,mild,CALL,matched,0.9529,True,WAV2VEC2_ASR_BASE_960H,greedy_ctc_collapse
1919-142785-0001,dropout,mild,PIPER,matched,0.843583,False,WAV2VEC2_ASR_BASE_960H,greedy_ctc_collapse
1919-142785-0001,dropout,mild,LONGUM,matched,0.95265,True,WAV2VEC2_ASR_BASE_960H,greedy_ctc_collapse
1919-142785-0001,dropout,mild,AND,matched,0.9687,True,WAV2VEC2_ASR_BASE_960H,greedy_ctc_collapse
1919-142785-0001,dropout,mild,CHABA,matched,0.99328,True,WAV2VEC2_ASR_BASE_960H,greedy_ctc_collapse
1919-142785-0001,dropout,medium,LONG,matched,0.9996,True,WAV2VEC2_ASR_BASE_960H,greedy_ctc_collapse
1919-142785-0001,dropout,medium,PEPPER,matched,0.9963,True,WAV2VEC2_ASR_BASE_960H,greedy_ctc_collapse
1919-142785-0001,dropout,medium,THIS,matched,0.999075,True,WAV2VEC2_ASR_BASE_960H,greedy_ctc_collapse
1919-142785-0001,dropout,medium,IS,matched,0.9992,True,WAV2VEC2_ASR_BASE_960H,greedy_ctc_collapse
1919-142785-0001,dropout,medium,THE,matched,0.999833,True,WAV2VEC2_ASR_BASE_960H,greedy_ctc_collapse
1919-142785-0001,dropout,medium,PRODUCE,matched,1.0,True,WAV2VEC2_ASR_BASE_960H,greedy_ctc_collapse
1919-142785-0001,dropout,medium,OF,matched,0.99945,True,WAV2VEC2_ASR_BASE_960H,greedy_ctc_collapse
1919-142785-0001,dropout,medium,A,matched,0.996,True,WAV2VEC2_ASR_BASE_960H,greedy_ctc_collapse
1919-142785-0001,dropout,medium,DIFFERENT,matched,0.997822,True,WAV2VEC2_ASR_BASE_960H,greedy_ctc_collapse
1919-142785-0001,dropout,medium,PLANT,matched,0.99992,True,WAV2VEC2_ASR_BASE_960H,greedy_ctc_collapse
1919-142785-0001,dropout,medium,FROM,matched,0.999975,True,WAV2VEC2_ASR_BASE_960H,greedy_ctc_collapse
1919-142785-0001,dropout,medium,THAT,matched,0.9166,True,WAV2VEC2_ASR_BASE_960H,greedy_ctc_collapse
1919-142785-0001,dropout,medium,WHICH,matched,1.0,True,WAV2VEC2_ASR_BASE_960H,greedy_ctc_collapse
1919-142785-0001,dropout,medium,PRODUCES,matched,0.999525,True,WAV2VEC2_ASR_BASE_960H,greedy_ctc_collapse
1919-142785-0001,dropout,medium,THE,matched,0.999267,True,WAV2VEC2_ASR_BASE_960H,greedy_ctc_collapse
1919-142785-0001,dropout,medium,BLACK,matched,0.99972,True,WAV2VEC2_ASR_BASE_960H,greedy_ctc_collapse
1919-142785-0001,dropout,medium,IT,matched,0.99985,True,WAV2VEC2_ASR_BASE_960H,greedy_ctc_collapse
1919-142785-0001,dropout,medium,CONSISTING,matched,0.99728,True,WAV2VEC2_ASR_BASE_960H,greedy_ctc_collapse
1919-142785-0001,dropout,medium,OF,matched,0.99985,True,WAV2VEC2_ASR_BASE_960H,greedy_ctc_collapse
1919-142785-0001,dropout,medium,THE,matched,0.9964,True,WAV2VEC2_ASR_BASE_960H,greedy_ctc_collapse
1919-142785-0001,dropout,medium,HALF,matched,0.99995,True,WAV2VEC2_ASR_BASE_960H,greedy_ctc_collapse
1919-142785-0001,dropout,medium,RIPE,matched,0.9999,True,WAV2VEC2_ASR_BASE_960H,greedy_ctc_collapse
1919-142785-0001,dropout,medium,FLOWER,matched,0.997217,True,WAV2VEC2_ASR_BASE_960H,greedy_ctc_collapse
1919-142785-0001,dropout,medium,HEADS,matched,0.98124,True,WAV2VEC2_ASR_BASE_960H,greedy_ctc_collapse
1919-142785-0001,dropout,medium,OF,matched,0.9986,True,WAV2VEC2_ASR_BASE_960H,greedy_ctc_collapse
1919-142785-0001,dropout,medium,WHAT,matched,0.999925,True,WAV2VEC2_ASR_BASE_960H,greedy_ctc_collapse
1919-142785-0001,dropout,medium,NATURALISTS,matched,0.960982,True,WAV2VEC2_ASR_BASE_960H,greedy_ctc_collapse
1919-142785-0001,dropout,medium,CALL,matched,0.9167,True,WAV2VEC2_ASR_BASE_960H,greedy_ctc_collapse
1919-142785-0001,dropout,medium,PIPER,matched,0.833333,False,WAV2VEC2_ASR_BASE_960H,greedy_ctc_collapse
1919-142785-0001,dropout,medium,LONGUM,matched,0.955233,True,WAV2VEC2_ASR_BASE_960H,greedy_ctc_collapse
1919-142785-0001,dropout,medium,AND,matched,0.963167,True,WAV2VEC2_ASR_BASE_960H,greedy_ctc_collapse
1919-142785-0001,dropout,medium,CHABA,matched,0.99582,True,WAV2VEC2_ASR_BASE_960H,greedy_ctc_collapse
1919-142785-0001,dropout,severe,LONG,matched,0.999725,True,WAV2VEC2_ASR_BASE_960H,greedy_ctc_collapse
1919-142785-0001,dropout,severe,PEPPER,matched,0.984517,True,WAV2VEC2_ASR_BASE_960H,greedy_ctc_collapse
1919-142785-0001,dropout,severe,THIS,matched,0.9991,True,WAV2VEC2_ASR_BASE_960H,greedy_ctc_collapse
1919-142785-0001,dropout,severe,IS,matched,0.9993,True,WAV2VEC2_ASR_BASE_960H,greedy_ctc_collapse
1919-142785-0001,dropout,severe,THE,matched,0.999767,True,WAV2VEC2_ASR_BASE_960H,greedy_ctc_collapse
1919-142785-0001,dropout,severe,PRODUCE,matched,1.0,True,WAV2VEC2_ASR_BASE_960H,greedy_ctc_collapse
1919-142785-0001,dropout,severe,OF,matched,0.99975,True,WAV2VEC2_ASR_BASE_960H,greedy_ctc_collapse
1919-142785-0001,dropout,severe,A,matched,0.9915,True,WAV2VEC2_ASR_BASE_960H,greedy_ctc_collapse
1919-142785-0001,dropout,severe,DIFFERENT,matched,0.998889,True,WAV2VEC2_ASR_BASE_960H,greedy_ctc_collapse
1919-142785-0001,dropout,severe,PLANT,matched,0.99986,True,WAV2VEC2_ASR_BASE_960H,greedy_ctc_collapse
1919-142785-0001,dropout,severe,FROM,matched,0.999975,True,WAV2VEC2_ASR_BASE_960H,greedy_ctc_collapse
1919-142785-0001,dropout,severe,THAT,matched,0.9974,True,WAV2VEC2_ASR_BASE_960H,greedy_ctc_collapse
1919-142785-0001,dropout,severe,WHICH,matched,1.0,True,WAV2VEC2_ASR_BASE_960H,greedy_ctc_collapse
1919-142785-0001,dropout,severe,PRODUCES,matched,0.999387,True,WAV2VEC2_ASR_BASE_960H,greedy_ctc_collapse
1919-142785-0001,dropout,severe,THE,matched,0.9989,True,WAV2VEC2_ASR_BASE_960H,greedy_ctc_collapse
1919-142785-0001,dropout,severe,BLACK,matched,0.9866,True,WAV2VEC2_ASR_BASE_960H,greedy_ctc_collapse
1919-142785-0001,dropout,severe,IT,matched,0.99975,True,WAV2VEC2_ASR_BASE_960H,greedy_ctc_collapse
1919-142785-0001,dropout,severe,CONSISTING,matched,0.97429,True,WAV2VEC2_ASR_BASE_960H,greedy_ctc_collapse
1919-142785-0001,dropout,severe,OF,matched,0.99975,True,WAV2VEC2_ASR_BASE_960H,greedy_ctc_collapse
1919-142785-0001,dropout,severe,THE,matched,0.971433,True,WAV2VEC2_ASR_BASE_960H,greedy_ctc_collapse
1919-142785-0001,dropout,severe,HALF,matched,0.9999,True,WAV2VEC2_ASR_BASE_960H,greedy_ctc_collapse
1919-142785-0001,dropout,severe,RIPE,matched,0.99795,True,WAV2VEC2_ASR_BASE_960H,greedy_ctc_collapse
1919-142785-0001,dropout,severe,FLOWER,matched,0.876575,False,WAV2VEC2_ASR_BASE_960H,greedy_ctc_collapse
1919-142785-0001,dropout,severe,HEADS,matched,0.9259,True,WAV2VEC2_ASR_BASE_960H,greedy_ctc_collapse
1919-142785-0001,dropout,severe,OF,matched,0.99615,True,WAV2VEC2_ASR_BASE_960H,greedy_ctc_collapse
1919-142785-0001,dropout,severe,WHAT,matched,0.9999,True,WAV2VEC2_ASR_BASE_960H,greedy_ctc_collapse
1919-142785-0001,dropout,severe,NATURALISTS,matched,0.933338,False,WAV2VEC2_ASR_BASE_960H,greedy_ctc_collapse
1919-142785-0001,dropout,severe,CALL,matched,0.83615,True,WAV2VEC2_ASR_BASE_960H,greedy_ctc_collapse
1919-142785-0001,dropout,severe,PIPER,matched,0.86835,False,WAV2VEC2_ASR_BASE_960H,greedy_ctc_collapse
1919-142785-0001,dropout,severe,LONGUM,matched,0.95455,True,WAV2VEC2_ASR_BASE_960H,greedy_ctc_collapse
1919-142785-0001,dropout,severe,AND,matched,0.901233,True,WAV2VEC2_ASR_BASE_960H,greedy_ctc_collapse
1919-142785-0001,dropout,severe,CHABA,matched,0.99606,True,WAV2VEC2_ASR_BASE_960H,greedy_ctc_collapse
1919-142785-0001,reverberation,mild,LONG,matched,0.9994,True,WAV2VEC2_ASR_BASE_960H,greedy_ctc_collapse
1919-142785-0001,reverberation,mild,PEPPER,matched,0.9987,True,WAV2VEC2_ASR_BASE_960H,greedy_ctc_collapse
1919-142785-0001,reverberation,mild,THIS,matched,0.9986,True,WAV2VEC2_ASR_BASE_960H,greedy_ctc_collapse
1919-142785-0001,reverberation,mild,IS,matched,0.99935,True,WAV2VEC2_ASR_BASE_960H,greedy_ctc_collapse
1919-142785-0001,reverberation,mild,THE,matched,0.960833,True,WAV2VEC2_ASR_BASE_960H,greedy_ctc_collapse
1919-142785-0001,reverberation,mild,PRODUCE,matched,0.997814,True,WAV2VEC2_ASR_BASE_960H,greedy_ctc_collapse
1919-142785-0001,reverberation,mild,OF,matched,0.99945,True,WAV2VEC2_ASR_BASE_960H,greedy_ctc_collapse
1919-142785-0001,reverberation,mild,A,matched,0.8801,True,WAV2VEC2_ASR_BASE_960H,greedy_ctc_collapse
1919-142785-0001,reverberation,mild,DIFFERENT,matched,0.929589,True,WAV2VEC2_ASR_BASE_960H,greedy_ctc_collapse
1919-142785-0001,reverberation,mild,PLANT,matched,0.99972,True,WAV2VEC2_ASR_BASE_960H,greedy_ctc_collapse
1919-142785-0001,reverberation,mild,FROM,matched,0.998775,True,WAV2VEC2_ASR_BASE_960H,greedy_ctc_collapse
1919-142785-0001,reverberation,mild,THAT,matched,0.99995,True,WAV2VEC2_ASR_BASE_960H,greedy_ctc_collapse
1919-142785-0001,reverberation,mild,WHICH,matched,0.96854,True,WAV2VEC2_ASR_BASE_960H,greedy_ctc_collapse
1919-142785-0001,reverberation,mild,PRODUCES,matched,0.99965,True,WAV2VEC2_ASR_BASE_960H,greedy_ctc_collapse
1919-142785-0001,reverberation,mild,THE,matched,0.9995,True,WAV2VEC2_ASR_BASE_960H,greedy_ctc_collapse
1919-142785-0001,reverberation,mild,BLACK,matched,1.0,True,WAV2VEC2_ASR_BASE_960H,greedy_ctc_collapse
1919-142785-0001,reverberation,mild,IT,matched,0.89365,True,WAV2VEC2_ASR_BASE_960H,greedy_ctc_collapse
1919-142785-0001,reverberation,mild,CONSISTING,matched,0.98104,True,WAV2VEC2_ASR_BASE_960H,greedy_ctc_collapse
1919-142785-0001,reverberation,mild,OF,matched,0.99965,True,WAV2VEC2_ASR_BASE_960H,greedy_ctc_collapse
1919-142785-0001,reverberation,mild,THE,matched,0.980667,True,WAV2VEC2_ASR_BASE_960H,greedy_ctc_collapse
1919-142785-0001,reverberation,mild,HALF,matched,0.99045,True,WAV2VEC2_ASR_BASE_960H,greedy_ctc_collapse
1919-142785-0001,reverberation,mild,RIPE,matched,0.84776,False,WAV2VEC2_ASR_BASE_960H,greedy_ctc_collapse
1919-142785-0001,reverberation,mild,FLOWER,matched,0.997633,True,WAV2VEC2_ASR_BASE_960H,greedy_ctc_collapse
1919-142785-0001,reverberation,mild,HEADS,matched,0.9514,True,WAV2VEC2_ASR_BASE_960H,greedy_ctc_collapse
1919-142785-0001,reverberation,mild,OF,matched,0.9896,True,WAV2VEC2_ASR_BASE_960H,greedy_ctc_collapse
1919-142785-0001,reverberation,mild,WHAT,matched,0.9999,True,WAV2VEC2_ASR_BASE_960H,greedy_ctc_collapse
1919-142785-0001,reverberation,mild,NATURALISTS,matched,0.961736,True,WAV2VEC2_ASR_BASE_960H,greedy_ctc_collapse
1919-142785-0001,reverberation,mild,CALL,matched,0.973675,True,WAV2VEC2_ASR_BASE_960H,greedy_ctc_collapse
1919-142785-0001,reverberation,mild,PIPER,deleted,,,WAV2VEC2_ASR_BASE_960H,greedy_ctc_collapse
1919-142785-0001,reverberation,mild,LONGUM,matched,0.901992,False,WAV2VEC2_ASR_BASE_960H,greedy_ctc_collapse
1919-142785-0001,reverberation,mild,AND,matched,0.993733,True,WAV2VEC2_ASR_BASE_960H,greedy_ctc_collapse
1919-142785-0001,reverberation,mild,CHABA,matched,0.95136,True,WAV2VEC2_ASR_BASE_960H,greedy_ctc_collapse
1919-142785-0001,reverberation,medium,LONG,matched,0.9362,True,WAV2VEC2_ASR_BASE_960H,greedy_ctc_collapse
1919-142785-0001,reverberation,medium,PEPPER,matched,0.978417,True,WAV2VEC2_ASR_BASE_960H,greedy_ctc_collapse
1919-142785-0001,reverberation,medium,THIS,matched,0.99855,True,WAV2VEC2_ASR_BASE_960H,greedy_ctc_collapse
1919-142785-0001,reverberation,medium,IS,matched,0.99915,True,WAV2VEC2_ASR_BASE_960H,greedy_ctc_collapse
1919-142785-0001,reverberation,medium,THE,matched,0.998533,True,WAV2VEC2_ASR_BASE_960H,greedy_ctc_collapse
1919-142785-0001,reverberation,medium,PRODUCE,matched,0.978629,True,WAV2VEC2_ASR_BASE_960H,greedy_ctc_collapse
1919-142785-0001,reverberation,medium,OF,matched,0.99895,True,WAV2VEC2_ASR_BASE_960H,greedy_ctc_collapse
1919-142785-0001,reverberation,medium,A,matched,0.5161,False,WAV2VEC2_ASR_BASE_960H,greedy_ctc_collapse
1919-142785-0001,reverberation,medium,DIFFERENT,matched,0.945422,True,WAV2VEC2_ASR_BASE_960H,greedy_ctc_collapse
1919-142785-0001,reverberation,medium,PLANT,matched,0.99956,True,WAV2VEC2_ASR_BASE_960H,greedy_ctc_collapse
1919-142785-0001,reverberation,medium,FROM,matched,0.8957,True,WAV2VEC2_ASR_BASE_960H,greedy_ctc_collapse
1919-142785-0001,reverberation,medium,THAT,matched,0.8762,True,WAV2VEC2_ASR_BASE_960H,greedy_ctc_collapse
1919-142785-0001,reverberation,medium,WHICH,matched,0.98046,True,WAV2VEC2_ASR_BASE_960H,greedy_ctc_collapse
1919-142785-0001,reverberation,medium,PRODUCES,matched,0.993088,True,WAV2VEC2_ASR_BASE_960H,greedy_ctc_collapse
1919-142785-0001,reverberation,medium,THE,matched,0.998333,True,WAV2VEC2_ASR_BASE_960H,greedy_ctc_collapse
1919-142785-0001,reverberation,medium,BLACK,matched,0.99908,True,WAV2VEC2_ASR_BASE_960H,greedy_ctc_collapse
1919-142785-0001,reverberation,medium,IT,matched,0.9959,True,WAV2VEC2_ASR_BASE_960H,greedy_ctc_collapse
1919-142785-0001,reverberation,medium,CONSISTING,matched,0.96754,True,WAV2VEC2_ASR_BASE_960H,greedy_ctc_collapse
1919-142785-0001,reverberation,medium,OF,matched,0.99965,True,WAV2VEC2_ASR_BASE_960H,greedy_ctc_collapse
1919-142785-0001,reverberation,medium,THE,matched,0.8743,True,WAV2VEC2_ASR_BASE_960H,greedy_ctc_collapse
1919-142785-0001,reverberation,medium,HALF,matched,0.995425,True,WAV2VEC2_ASR_BASE_960H,greedy_ctc_collapse
1919-142785-0001,reverberation,medium,RIPE,matched,0.55038,False,WAV2VEC2_ASR_BASE_960H,greedy_ctc_collapse
1919-142785-0001,reverberation,medium,FLOWER,matched,0.986883,True,WAV2VEC2_ASR_BASE_960H,greedy_ctc_collapse
1919-142785-0001,reverberation,medium,HEADS,matched,0.99964,True,WAV2VEC2_ASR_BASE_960H,greedy_ctc_collapse
1919-142785-0001,reverberation,medium,OF,matched,0.99855,True,WAV2VEC2_ASR_BASE_960H,greedy_ctc_collapse
1919-142785-0001,reverberation,medium,WHAT,matched,0.999825,True,WAV2VEC2_ASR_BASE_960H,greedy_ctc_collapse
1919-142785-0001,reverberation,medium,NATURALISTS,matched,0.960673,True,WAV2VEC2_ASR_BASE_960H,greedy_ctc_collapse
1919-142785-0001,reverberation,medium,CALL,matched,0.999525,True,WAV2VEC2_ASR_BASE_960H,greedy_ctc_collapse
1919-142785-0001,reverberation,medium,PIPER,matched,0.96596,True,WAV2VEC2_ASR_BASE_960H,greedy_ctc_collapse
1919-142785-0001,reverberation,medium,LONGUM,deleted,,,WAV2VEC2_ASR_BASE_960H,greedy_ctc_collapse
1919-142785-0001,reverberation,medium,AND,matched,0.75796,False,WAV2VEC2_ASR_BASE_960H,greedy_ctc_collapse
1919-142785-0001,reverberation,medium,CHABA,matched,0.891633,False,WAV2VEC2_ASR_BASE_960H,greedy_ctc_collapse
1919-142785-0001,reverberation,severe,LONG,deleted,,,WAV2VEC2_ASR_BASE_960H,greedy_ctc_collapse
1919-142785-0001,reverberation,severe,PEPPER,matched,0.47584,False,WAV2VEC2_ASR_BASE_960H,greedy_ctc_collapse
1919-142785-0001,reverberation,severe,THIS,matched,0.99305,True,WAV2VEC2_ASR_BASE_960H,greedy_ctc_collapse
1919-142785-0001,reverberation,severe,IS,matched,0.9951,True,WAV2VEC2_ASR_BASE_960H,greedy_ctc_collapse
1919-142785-0001,reverberation,severe,THE,matched,0.7618,True,WAV2VEC2_ASR_BASE_960H,greedy_ctc_collapse
1919-142785-0001,reverberation,severe,PRODUCE,matched,0.97938,False,WAV2VEC2_ASR_BASE_960H,greedy_ctc_collapse
1919-142785-0001,reverberation,severe,OF,matched,0.701225,False,WAV2VEC2_ASR_BASE_960H,greedy_ctc_collapse
1919-142785-0001,reverberation,severe,A,matched,0.62785,False,WAV2VEC2_ASR_BASE_960H,greedy_ctc_collapse
1919-142785-0001,reverberation,severe,DIFFERENT,matched,0.724267,False,WAV2VEC2_ASR_BASE_960H,greedy_ctc_collapse
1919-142785-0001,reverberation,severe,PLANT,matched,0.84082,True,WAV2VEC2_ASR_BASE_960H,greedy_ctc_collapse
1919-142785-0001,reverberation,severe,FROM,matched,0.793175,False,WAV2VEC2_ASR_BASE_960H,greedy_ctc_collapse
1919-142785-0001,reverberation,severe,THAT,matched,0.92285,True,WAV2VEC2_ASR_BASE_960H,greedy_ctc_collapse
1919-142785-0001,reverberation,severe,WHICH,deleted,,,WAV2VEC2_ASR_BASE_960H,greedy_ctc_collapse
1919-142785-0001,reverberation,severe,PRODUCES,matched,0.93461,False,WAV2VEC2_ASR_BASE_960H,greedy_ctc_collapse
1919-142785-0001,reverberation,severe,THE,matched,0.972067,True,WAV2VEC2_ASR_BASE_960H,greedy_ctc_collapse
1919-142785-0001,reverberation,severe,BLACK,matched,0.96432,True,WAV2VEC2_ASR_BASE_960H,greedy_ctc_collapse
1919-142785-0001,reverberation,severe,IT,matched,0.43445,False,WAV2VEC2_ASR_BASE_960H,greedy_ctc_collapse
1919-142785-0001,reverberation,severe,CONSISTING,matched,0.567083,False,WAV2VEC2_ASR_BASE_960H,greedy_ctc_collapse
1919-142785-0001,reverberation,severe,OF,matched,0.8926,True,WAV2VEC2_ASR_BASE_960H,greedy_ctc_collapse
1919-142785-0001,reverberation,severe,THE,matched,0.7431,True,WAV2VEC2_ASR_BASE_960H,greedy_ctc_collapse
1919-142785-0001,reverberation,severe,HALF,matched,0.934375,True,WAV2VEC2_ASR_BASE_960H,greedy_ctc_collapse
1919-142785-0001,reverberation,severe,RIPE,deleted,,,WAV2VEC2_ASR_BASE_960H,greedy_ctc_collapse
1919-142785-0001,reverberation,severe,FLOWER,matched,0.66545,False,WAV2VEC2_ASR_BASE_960H,greedy_ctc_collapse
1919-142785-0001,reverberation,severe,HEADS,matched,0.9424,False,WAV2VEC2_ASR_BASE_960H,greedy_ctc_collapse
1919-142785-0001,reverberation,severe,OF,matched,0.97345,True,WAV2VEC2_ASR_BASE_960H,greedy_ctc_collapse
1919-142785-0001,reverberation,severe,WHAT,matched,0.785225,True,WAV2VEC2_ASR_BASE_960H,greedy_ctc_collapse
1919-142785-0001,reverberation,severe,NATURALISTS,matched,0.761056,False,WAV2VEC2_ASR_BASE_960H,greedy_ctc_collapse
1919-142785-0001,reverberation,severe,CALL,matched,0.8616,False,WAV2VEC2_ASR_BASE_960H,greedy_ctc_collapse
1919-142785-0001,reverberation,severe,PIPER,matched,0.89126,True,WAV2VEC2_ASR_BASE_960H,greedy_ctc_collapse
1919-142785-0001,reverberation,severe,LONGUM,deleted,,,WAV2VEC2_ASR_BASE_960H,greedy_ctc_collapse
1919-142785-0001,reverberation,severe,AND,matched,0.76135,False,WAV2VEC2_ASR_BASE_960H,greedy_ctc_collapse
1919-142785-0001,reverberation,severe,CHABA,matched,0.809683,False,WAV2VEC2_ASR_BASE_960H,greedy_ctc_collapse
1919-142785-0002,clean,none,ORIGINALLY,matched,0.92798,True,WAV2VEC2_ASR_BASE_960H,greedy_ctc_collapse
1919-142785-0002,clean,none,THE,matched,0.998767,True,WAV2VEC2_ASR_BASE_960H,greedy_ctc_collapse
1919-142785-0002,clean,none,MOST,matched,0.956925,True,WAV2VEC2_ASR_BASE_960H,greedy_ctc_collapse
1919-142785-0002,clean,none,VALUABLE,matched,0.9999,True,WAV2VEC2_ASR_BASE_960H,greedy_ctc_collapse
1919-142785-0002,clean,none,OF,matched,0.9993,True,WAV2VEC2_ASR_BASE_960H,greedy_ctc_collapse
1919-142785-0002,clean,none,THESE,matched,0.97836,True,WAV2VEC2_ASR_BASE_960H,greedy_ctc_collapse
1919-142785-0002,clean,none,WERE,matched,0.999325,True,WAV2VEC2_ASR_BASE_960H,greedy_ctc_collapse
1919-142785-0002,clean,none,FOUND,matched,0.99968,True,WAV2VEC2_ASR_BASE_960H,greedy_ctc_collapse
1919-142785-0002,clean,none,IN,matched,0.99975,True,WAV2VEC2_ASR_BASE_960H,greedy_ctc_collapse
1919-142785-0002,clean,none,THE,matched,0.9946,True,WAV2VEC2_ASR_BASE_960H,greedy_ctc_collapse
1919-142785-0002,clean,none,SPICE,matched,0.98912,True,WAV2VEC2_ASR_BASE_960H,greedy_ctc_collapse
1919-142785-0002,clean,none,ISLANDS,matched,0.967886,True,WAV2VEC2_ASR_BASE_960H,greedy_ctc_collapse
1919-142785-0002,clean,none,OR,matched,0.92535,True,WAV2VEC2_ASR_BASE_960H,greedy_ctc_collapse
1919-142785-0002,clean,none,MOLUCCAS,matched,0.853712,False,WAV2VEC2_ASR_BASE_960H,greedy_ctc_collapse
1919-142785-0002,clean,none,OF,matched,0.99955,True,WAV2VEC2_ASR_BASE_960H,greedy_ctc_collapse
1919-142785-0002,clean,none,THE,matched,0.999533,True,WAV2VEC2_ASR_BASE_960H,greedy_ctc_collapse
1919-142785-0002,clean,none,INDIAN,matched,0.999967,True,WAV2VEC2_ASR_BASE_960H,greedy_ctc_collapse
1919-142785-0002,clean,none,OCEAN,matched,0.99866,True,WAV2VEC2_ASR_BASE_960H,greedy_ctc_collapse
1919-142785-0002,clean,none,AND,matched,0.999833,True,WAV2VEC2_ASR_BASE_960H,greedy_ctc_collapse
1919-142785-0002,clean,none,WERE,matched,0.99965,True,WAV2VEC2_ASR_BASE_960H,greedy_ctc_collapse
1919-142785-0002,clean,none,HIGHLY,matched,0.98565,True,WAV2VEC2_ASR_BASE_960H,greedy_ctc_collapse
1919-142785-0002,clean,none,PRIZED,matched,0.98465,True,WAV2VEC2_ASR_BASE_960H,greedy_ctc_collapse
1919-142785-0002,clean,none,BY,matched,0.9997,True,WAV2VEC2_ASR_BASE_960H,greedy_ctc_collapse
1919-142785-0002,clean,none,THE,matched,0.999233,True,WAV2VEC2_ASR_BASE_960H,greedy_ctc_collapse
1919-142785-0002,clean,none,NATIONS,matched,0.9572,True,WAV2VEC2_ASR_BASE_960H,greedy_ctc_collapse
1919-142785-0002,clean,none,OF,matched,0.9996,True,WAV2VEC2_ASR_BASE_960H,greedy_ctc_collapse
1919-142785-0002,clean,none,ANTIQUITY,matched,0.999944,True,WAV2VEC2_ASR_BASE_960H,greedy_ctc_collapse
1919-142785-0002,additive_noise,mild,ORIGINALLY,matched,0.98875,True,WAV2VEC2_ASR_BASE_960H,greedy_ctc_collapse
1919-142785-0002,additive_noise,mild,THE,matched,0.995233,True,WAV2VEC2_ASR_BASE_960H,greedy_ctc_collapse
1919-142785-0002,additive_noise,mild,MOST,matched,0.9999,True,WAV2VEC2_ASR_BASE_960H,greedy_ctc_collapse
1919-142785-0002,additive_noise,mild,VALUABLE,matched,0.9993,True,WAV2VEC2_ASR_BASE_960H,greedy_ctc_collapse
1919-142785-0002,additive_noise,mild,OF,matched,0.99905,True,WAV2VEC2_ASR_BASE_960H,greedy_ctc_collapse
1919-142785-0002,additive_noise,mild,THESE,matched,0.90776,True,WAV2VEC2_ASR_BASE_960H,greedy_ctc_collapse
1919-142785-0002,additive_noise,mild,WERE,matched,0.94455,True,WAV2VEC2_ASR_BASE_960H,greedy_ctc_collapse
1919-142785-0002,additive_noise,mild,FOUND,matched,0.9463,True,WAV2VEC2_ASR_BASE_960H,greedy_ctc_collapse
1919-142785-0002,additive_noise,mild,IN,matched,0.98925,True,WAV2VEC2_ASR_BASE_960H,greedy_ctc_collapse
1919-142785-0002,additive_noise,mild,THE,matched,0.988333,True,WAV2VEC2_ASR_BASE_960H,greedy_ctc_collapse
1919-142785-0002,additive_noise,mild,SPICE,matched,0.91806,True,WAV2VEC2_ASR_BASE_960H,greedy_ctc_collapse
1919-142785-0002,additive_noise,mild,ISLANDS,matched,0.956257,True,WAV2VEC2_ASR_BASE_960H,greedy_ctc_collapse
1919-142785-0002,additive_noise,mild,OR,matched,0.98815,True,WAV2VEC2_ASR_BASE_960H,greedy_ctc_collapse
1919-142785-0002,additive_noise,mild,MOLUCCAS,matched,0.914425,False,WAV2VEC2_ASR_BASE_960H,greedy_ctc_collapse
1919-142785-0002,additive_noise,mild,OF,matched,0.9992,True,WAV2VEC2_ASR_BASE_960H,greedy_ctc_collapse
1919-142785-0002,additive_noise,mild,THE,matched,0.999233,True,WAV2VEC2_ASR_BASE_960H,greedy_ctc_collapse
1919-142785-0002,additive_noise,mild,INDIAN,matched,0.999717,True,WAV2VEC2_ASR_BASE_960H,greedy_ctc_collapse
1919-142785-0002,additive_noise,mild,OCEAN,matched,0.99912,True,WAV2VEC2_ASR_BASE_960H,greedy_ctc_collapse
1919-142785-0002,additive_noise,mild,AND,matched,0.999933,True,WAV2VEC2_ASR_BASE_960H,greedy_ctc_collapse
1919-142785-0002,additive_noise,mild,WERE,matched,0.9998,True,WAV2VEC2_ASR_BASE_960H,greedy_ctc_collapse
1919-142785-0002,additive_noise,mild,HIGHLY,matched,1.0,True,WAV2VEC2_ASR_BASE_960H,greedy_ctc_collapse
1919-142785-0002,additive_noise,mild,PRIZED,matched,0.994033,True,WAV2VEC2_ASR_BASE_960H,greedy_ctc_collapse
1919-142785-0002,additive_noise,mild,BY,matched,0.9999,True,WAV2VEC2_ASR_BASE_960H,greedy_ctc_collapse
1919-142785-0002,additive_noise,mild,THE,matched,0.998467,True,WAV2VEC2_ASR_BASE_960H,greedy_ctc_collapse
1919-142785-0002,additive_noise,mild,NATIONS,matched,0.969757,True,WAV2VEC2_ASR_BASE_960H,greedy_ctc_collapse
1919-142785-0002,additive_noise,mild,OF,matched,0.99955,True,WAV2VEC2_ASR_BASE_960H,greedy_ctc_collapse
1919-142785-0002,additive_noise,mild,ANTIQUITY,matched,0.993211,True,WAV2VEC2_ASR_BASE_960H,greedy_ctc_collapse
1919-142785-0002,additive_noise,medium,ORIGINALLY,matched,0.93799,True,WAV2VEC2_ASR_BASE_960H,greedy_ctc_collapse
1919-142785-0002,additive_noise,medium,THE,matched,0.999633,True,WAV2VEC2_ASR_BASE_960H,greedy_ctc_collapse
1919-142785-0002,additive_noise,medium,MOST,matched,0.999975,True,WAV2VEC2_ASR_BASE_960H,greedy_ctc_collapse
1919-142785-0002,additive_noise,medium,VALUABLE,matched,0.999637,True,WAV2VEC2_ASR_BASE_960H,greedy_ctc_collapse
1919-142785-0002,additive_noise,medium,OF,matched,0.99895,True,WAV2VEC2_ASR_BASE_960H,greedy_ctc_collapse
1919-142785-0002,additive_noise,medium,THESE,matched,0.96938,True,WAV2VEC2_ASR_BASE_960H,greedy_ctc_collapse
1919-142785-0002,additive_noise,medium,WERE,matched,0.9988,True,WAV2VEC2_ASR_BASE_960H,greedy_ctc_collapse
1919-142785-0002,additive_noise,medium,FOUND,matched,0.98366,True,WAV2VEC2_ASR_BASE_960H,greedy_ctc_collapse
1919-142785-0002,additive_noise,medium,IN,matched,0.9959,True,WAV2VEC2_ASR_BASE_960H,greedy_ctc_collapse
1919-142785-0002,additive_noise,medium,THE,matched,0.727267,True,WAV2VEC2_ASR_BASE_960H,greedy_ctc_collapse
1919-142785-0002,additive_noise,medium,SPICE,matched,0.857329,False,WAV2VEC2_ASR_BASE_960H,greedy_ctc_collapse
1919-142785-0002,additive_noise,medium,ISLANDS,matched,0.9517,True,WAV2VEC2_ASR_BASE_960H,greedy_ctc_collapse
1919-142785-0002,additive_noise,medium,OR,matched,0.8477,True,WAV2VEC2_ASR_BASE_960H,greedy_ctc_collapse
1919-142785-0002,additive_noise,medium,MOLUCCAS,matched,0.853371,False,WAV2VEC2_ASR_BASE_960H,greedy_ctc_collapse
1919-142785-0002,additive_noise,medium,OF,matched,0.9987,True,WAV2VEC2_ASR_BASE_960H,greedy_ctc_collapse
1919-142785-0002,additive_noise,medium,THE,matched,0.998467,True,WAV2VEC2_ASR_BASE_960H,greedy_ctc_collapse
1919-142785-0002,additive_noise,medium,INDIAN,matched,0.999917,True,WAV2VEC2_ASR_BASE_960H,greedy_ctc_collapse
1919-142785-0002,additive_noise,medium,OCEAN,matched,0.99672,True,WAV2VEC2_ASR_BASE_960H,greedy_ctc_collapse
1919-142785-0002,additive_noise,medium,AND,matched,0.999433,True,WAV2VEC2_ASR_BASE_960H,greedy_ctc_collapse
1919-142785-0002,additive_noise,medium,WERE,matched,0.99965,True,WAV2VEC2_ASR_BASE_960H,greedy_ctc_collapse
1919-142785-0002,additive_noise,medium,HIGHLY,matched,1.0,True,WAV2VEC2_ASR_BASE_960H,greedy_ctc_collapse
1919-142785-0002,additive_noise,medium,PRIZED,matched,0.993033,True,WAV2VEC2_ASR_BASE_960H,greedy_ctc_collapse
1919-142785-0002,additive_noise,medium,BY,matched,0.9999,True,WAV2VEC2_ASR_BASE_960H,greedy_ctc_collapse
1919-142785-0002,additive_noise,medium,THE,matched,0.999,True,WAV2VEC2_ASR_BASE_960H,greedy_ctc_collapse
1919-142785-0002,additive_noise,medium,NATIONS,matched,0.9987,True,WAV2VEC2_ASR_BASE_960H,greedy_ctc_collapse
1919-142785-0002,additive_noise,medium,OF,matched,0.9986,True,WAV2VEC2_ASR_BASE_960H,greedy_ctc_collapse
1919-142785-0002,additive_noise,medium,ANTIQUITY,matched,0.998267,True,WAV2VEC2_ASR_BASE_960H,greedy_ctc_collapse
1919-142785-0002,additive_noise,severe,ORIGINALLY,matched,0.95493,True,WAV2VEC2_ASR_BASE_960H,greedy_ctc_collapse
1919-142785-0002,additive_noise,severe,THE,deleted,,,WAV2VEC2_ASR_BASE_960H,greedy_ctc_collapse
1919-142785-0002,additive_noise,severe,MOST,deleted,,,WAV2VEC2_ASR_BASE_960H,greedy_ctc_collapse
1919-142785-0002,additive_noise,severe,VALUABLE,matched,0.5602,False,WAV2VEC2_ASR_BASE_960H,greedy_ctc_collapse
1919-142785-0002,additive_noise,severe,OF,matched,0.2553,False,WAV2VEC2_ASR_BASE_960H,greedy_ctc_collapse
1919-142785-0002,additive_noise,severe,THESE,matched,0.4722,False,WAV2VEC2_ASR_BASE_960H,greedy_ctc_collapse
1919-142785-0002,additive_noise,severe,WERE,matched,0.557033,False,WAV2VEC2_ASR_BASE_960H,greedy_ctc_collapse
1919-142785-0002,additive_noise,severe,FOUND,matched,0.43252,False,WAV2VEC2_ASR_BASE_960H,greedy_ctc_collapse
1919-142785-0002,additive_noise,severe,IN,matched,0.4412,True,WAV2VEC2_ASR_BASE_960H,greedy_ctc_collapse
1919-142785-0002,additive_noise,severe,THE,deleted,,,WAV2VEC2_ASR_BASE_960H,greedy_ctc_collapse
1919-142785-0002,additive_noise,severe,SPICE,deleted,,,WAV2VEC2_ASR_BASE_960H,greedy_ctc_collapse
1919-142785-0002,additive_noise,severe,ISLANDS,deleted,,,WAV2VEC2_ASR_BASE_960H,greedy_ctc_collapse
1919-142785-0002,additive_noise,severe,OR,deleted,,,WAV2VEC2_ASR_BASE_960H,greedy_ctc_collapse
1919-142785-0002,additive_noise,severe,MOLUCCAS,deleted,,,WAV2VEC2_ASR_BASE_960H,greedy_ctc_collapse
1919-142785-0002,additive_noise,severe,OF,deleted,,,WAV2VEC2_ASR_BASE_960H,greedy_ctc_collapse
1919-142785-0002,additive_noise,severe,THE,deleted,,,WAV2VEC2_ASR_BASE_960H,greedy_ctc_collapse
1919-142785-0002,additive_noise,severe,INDIAN,matched,0.4859,False,WAV2VEC2_ASR_BASE_960H,greedy_ctc_collapse
1919-142785-0002,additive_noise,severe,OCEAN,matched,0.2845,False,WAV2VEC2_ASR_BASE_960H,greedy_ctc_collapse
1919-142785-0002,additive_noise,severe,AND,matched,0.4062,False,WAV2VEC2_ASR_BASE_960H,greedy_ctc_collapse
1919-142785-0002,additive_noise,severe,WERE,matched,0.391133,False,WAV2VEC2_ASR_BASE_960H,greedy_ctc_collapse
1919-142785-0002,additive_noise,severe,HIGHLY,matched,0.58955,False,WAV2VEC2_ASR_BASE_960H,greedy_ctc_collapse
1919-142785-0002,additive_noise,severe,PRIZED,matched,0.3506,False,WAV2VEC2_ASR_BASE_960H,greedy_ctc_collapse
1919-142785-0002,additive_noise,severe,BY,matched,0.6146,False,WAV2VEC2_ASR_BASE_960H,greedy_ctc_collapse
1919-142785-0002,additive_noise,severe,THE,matched,0.48785,False,WAV2VEC2_ASR_BASE_960H,greedy_ctc_collapse
1919-142785-0002,additive_noise,severe,NATIONS,matched,0.2321,False,WAV2VEC2_ASR_BASE_960H,greedy_ctc_collapse
1919-142785-0002,additive_noise,severe,OF,matched,0.37805,False,WAV2VEC2_ASR_BASE_960H,greedy_ctc_collapse
1919-142785-0002,additive_noise,severe,ANTIQUITY,matched,0.35965,False,WAV2VEC2_ASR_BASE_960H,greedy_ctc_collapse
1919-142785-0002,clipping,mild,ORIGINALLY,matched,0.92798,True,WAV2VEC2_ASR_BASE_960H,greedy_ctc_collapse
1919-142785-0002,clipping,mild,THE,matched,0.998767,True,WAV2VEC2_ASR_BASE_960H,greedy_ctc_collapse
1919-142785-0002,clipping,mild,MOST,matched,0.956925,True,WAV2VEC2_ASR_BASE_960H,greedy_ctc_collapse
1919-142785-0002,clipping,mild,VALUABLE,matched,0.9999,True,WAV2VEC2_ASR_BASE_960H,greedy_ctc_collapse
1919-142785-0002,clipping,mild,OF,matched,0.9993,True,WAV2VEC2_ASR_BASE_960H,greedy_ctc_collapse
1919-142785-0002,clipping,mild,THESE,matched,0.97836,True,WAV2VEC2_ASR_BASE_960H,greedy_ctc_collapse
1919-142785-0002,clipping,mild,WERE,matched,0.999325,True,WAV2VEC2_ASR_BASE_960H,greedy_ctc_collapse
1919-142785-0002,clipping,mild,FOUND,matched,0.99968,True,WAV2VEC2_ASR_BASE_960H,greedy_ctc_collapse
1919-142785-0002,clipping,mild,IN,matched,0.99975,True,WAV2VEC2_ASR_BASE_960H,greedy_ctc_collapse
1919-142785-0002,clipping,mild,THE,matched,0.9946,True,WAV2VEC2_ASR_BASE_960H,greedy_ctc_collapse
1919-142785-0002,clipping,mild,SPICE,matched,0.98912,True,WAV2VEC2_ASR_BASE_960H,greedy_ctc_collapse
1919-142785-0002,clipping,mild,ISLANDS,matched,0.967886,True,WAV2VEC2_ASR_BASE_960H,greedy_ctc_collapse
1919-142785-0002,clipping,mild,OR,matched,0.92535,True,WAV2VEC2_ASR_BASE_960H,greedy_ctc_collapse
1919-142785-0002,clipping,mild,MOLUCCAS,matched,0.853712,False,WAV2VEC2_ASR_BASE_960H,greedy_ctc_collapse
1919-142785-0002,clipping,mild,OF,matched,0.99955,True,WAV2VEC2_ASR_BASE_960H,greedy_ctc_collapse
1919-142785-0002,clipping,mild,THE,matched,0.999533,True,WAV2VEC2_ASR_BASE_960H,greedy_ctc_collapse
1919-142785-0002,clipping,mild,INDIAN,matched,0.999967,True,WAV2VEC2_ASR_BASE_960H,greedy_ctc_collapse
1919-142785-0002,clipping,mild,OCEAN,matched,0.99866,True,WAV2VEC2_ASR_BASE_960H,greedy_ctc_collapse
1919-142785-0002,clipping,mild,AND,matched,0.999833,True,WAV2VEC2_ASR_BASE_960H,greedy_ctc_collapse
1919-142785-0002,clipping,mild,WERE,matched,0.99965,True,WAV2VEC2_ASR_BASE_960H,greedy_ctc_collapse
1919-142785-0002,clipping,mild,HIGHLY,matched,0.98565,True,WAV2VEC2_ASR_BASE_960H,greedy_ctc_collapse
1919-142785-0002,clipping,mild,PRIZED,matched,0.98465,True,WAV2VEC2_ASR_BASE_960H,greedy_ctc_collapse
1919-142785-0002,clipping,mild,BY,matched,0.9997,True,WAV2VEC2_ASR_BASE_960H,greedy_ctc_collapse
1919-142785-0002,clipping,mild,THE,matched,0.999233,True,WAV2VEC2_ASR_BASE_960H,greedy_ctc_collapse
1919-142785-0002,clipping,mild,NATIONS,matched,0.9572,True,WAV2VEC2_ASR_BASE_960H,greedy_ctc_collapse
1919-142785-0002,clipping,mild,OF,matched,0.9996,True,WAV2VEC2_ASR_BASE_960H,greedy_ctc_collapse
1919-142785-0002,clipping,mild,ANTIQUITY,matched,0.999944,True,WAV2VEC2_ASR_BASE_960H,greedy_ctc_collapse
1919-142785-0002,clipping,medium,ORIGINALLY,matched,0.93214,True,WAV2VEC2_ASR_BASE_960H,greedy_ctc_collapse
1919-142785-0002,clipping,medium,THE,matched,0.998633,True,WAV2VEC2_ASR_BASE_960H,greedy_ctc_collapse
1919-142785-0002,clipping,medium,MOST,matched,0.958725,True,WAV2VEC2_ASR_BASE_960H,greedy_ctc_collapse
1919-142785-0002,clipping,medium,VALUABLE,matched,0.9999,True,WAV2VEC2_ASR_BASE_960H,greedy_ctc_collapse
1919-142785-0002,clipping,medium,OF,matched,0.9993,True,WAV2VEC2_ASR_BASE_960H,greedy_ctc_collapse
1919-142785-0002,clipping,medium,THESE,matched,0.98276,True,WAV2VEC2_ASR_BASE_960H,greedy_ctc_collapse
1919-142785-0002,clipping,medium,WERE,matched,0.999175,True,WAV2VEC2_ASR_BASE_960H,greedy_ctc_collapse
1919-142785-0002,clipping,medium,FOUND,matched,0.99958,True,WAV2VEC2_ASR_BASE_960H,greedy_ctc_collapse
1919-142785-0002,clipping,medium,IN,matched,0.99975,True,WAV2VEC2_ASR_BASE_960H,greedy_ctc_collapse
1919-142785-0002,clipping,medium,THE,matched,0.994367,True,WAV2VEC2_ASR_BASE_960H,greedy_ctc_collapse
1919-142785-0002,clipping,medium,SPICE,matched,0.9912,True,WAV2VEC2_ASR_BASE_960H,greedy_ctc_collapse
1919-142785-0002,clipping,medium,ISLANDS,matched,0.966457,True,WAV2VEC2_ASR_BASE_960H,greedy_ctc_collapse
1919-142785-0002,clipping,medium,OR,matched,0.90865,True,WAV2VEC2_ASR_BASE_960H,greedy_ctc_collapse
1919-142785-0002,clipping,medium,MOLUCCAS,matched,0.854775,False,WAV2VEC2_ASR_BASE_960H,greedy_ctc_collapse
1919-142785-0002,clipping,medium,OF,matched,0.99955,True,WAV2VEC2_ASR_BASE_960H,greedy_ctc_collapse
1919-142785-0002,clipping,medium,THE,matched,0.999533,True,WAV2VEC2_ASR_BASE_960H,greedy_ctc_collapse
1919-142785-0002,clipping,medium,INDIAN,matched,0.999967,True,WAV2VEC2_ASR_BASE_960H,greedy_ctc_collapse
1919-142785-0002,clipping,medium,OCEAN,matched,0.99892,True,WAV2VEC2_ASR_BASE_960H,greedy_ctc_collapse
1919-142785-0002,clipping,medium,AND,matched,0.999833,True,WAV2VEC2_ASR_BASE_960H,greedy_ctc_collapse
1919-142785-0002,clipping,medium,WERE,matched,0.999525,True,WAV2VEC2_ASR_BASE_960H,greedy_ctc_collapse
1919-142785-0002,clipping,medium,HIGHLY,matched,0.976533,True,WAV2VEC2_ASR_BASE_960H,greedy_ctc_collapse
1919-142785-0002,clipping,medium,PRIZED,matched,0.992983,True,WAV2VEC2_ASR_BASE_960H,greedy_ctc_collapse
1919-142785-0002,clipping,medium,BY,matched,0.99815,True,WAV2VEC2_ASR_BASE_960H,greedy_ctc_collapse
1919-142785-0002,clipping,medium,THE,matched,0.9992,True,WAV2VEC2_ASR_BASE_960H,greedy_ctc_collapse
1919-142785-0002,clipping,medium,NATIONS,matched,0.951329,True,WAV2VEC2_ASR_BASE_960H,greedy_ctc_collapse
1919-142785-0002,clipping,medium,OF,matched,0.99965,True,WAV2VEC2_ASR_BASE_960H,greedy_ctc_collapse
1919-142785-0002,clipping,medium,ANTIQUITY,matched,0.999944,True,WAV2VEC2_ASR_BASE_960H,greedy_ctc_collapse
1919-142785-0002,clipping,severe,ORIGINALLY,matched,0.99382,True,WAV2VEC2_ASR_BASE_960H,greedy_ctc_collapse
1919-142785-0002,clipping,severe,THE,matched,0.998667,True,WAV2VEC2_ASR_BASE_960H,greedy_ctc_collapse
1919-142785-0002,clipping,severe,MOST,matched,0.957675,True,WAV2VEC2_ASR_BASE_960H,greedy_ctc_collapse
1919-142785-0002,clipping,severe,VALUABLE,matched,0.999925,True,WAV2VEC2_ASR_BASE_960H,greedy_ctc_collapse
1919-142785-0002,clipping,severe,OF,matched,0.99885,True,WAV2VEC2_ASR_BASE_960H,greedy_ctc_collapse
1919-142785-0002,clipping,severe,THESE,matched,0.87528,True,WAV2VEC2_ASR_BASE_960H,greedy_ctc_collapse
1919-142785-0002,clipping,severe,WERE,matched,0.9949,True,WAV2VEC2_ASR_BASE_960H,greedy_ctc_collapse
1919-142785-0002,clipping,severe,FOUND,matched,0.9999,True,WAV2VEC2_ASR_BASE_960H,greedy_ctc_collapse
1919-142785-0002,clipping,severe,IN,matched,0.99965,True,WAV2VEC2_ASR_BASE_960H,greedy_ctc_collapse
1919-142785-0002,clipping,severe,THE,matched,0.993267,True,WAV2VEC2_ASR_BASE_960H,greedy_ctc_collapse
1919-142785-0002,clipping,severe,SPICE,matched,0.99344,True,WAV2VEC2_ASR_BASE_960H,greedy_ctc_collapse
1919-142785-0002,clipping,severe,ISLANDS,matched,0.9581,True,WAV2VEC2_ASR_BASE_960H,greedy_ctc_collapse
1919-142785-0002,clipping,severe,OR,matched,0.9935,True,WAV2VEC2_ASR_BASE_960H,greedy_ctc_collapse
1919-142785-0002,clipping,severe,MOLUCCAS,matched,0.881437,False,WAV2VEC2_ASR_BASE_960H,greedy_ctc_collapse
1919-142785-0002,clipping,severe,OF,matched,0.9994,True,WAV2VEC2_ASR_BASE_960H,greedy_ctc_collapse
1919-142785-0002,clipping,severe,THE,matched,0.999,True,WAV2VEC2_ASR_BASE_960H,greedy_ctc_collapse
1919-142785-0002,clipping,severe,INDIAN,matched,0.992683,True,WAV2VEC2_ASR_BASE_960H,greedy_ctc_collapse
1919-142785-0002,clipping,severe,OCEAN,matched,0.99384,True,WAV2VEC2_ASR_BASE_960H,greedy_ctc_collapse
1919-142785-0002,clipping,severe,AND,matched,0.999867,True,WAV2VEC2_ASR_BASE_960H,greedy_ctc_collapse
1919-142785-0002,clipping,severe,WERE,matched,0.955425,True,WAV2VEC2_ASR_BASE_960H,greedy_ctc_collapse
1919-142785-0002,clipping,severe,HIGHLY,matched,1.0,True,WAV2VEC2_ASR_BASE_960H,greedy_ctc_collapse
1919-142785-0002,clipping,severe,PRIZED,matched,0.9907,True,WAV2VEC2_ASR_BASE_960H,greedy_ctc_collapse
1919-142785-0002,clipping,severe,BY,matched,0.99985,True,WAV2VEC2_ASR_BASE_960H,greedy_ctc_collapse
1919-142785-0002,clipping,severe,THE,matched,0.998367,True,WAV2VEC2_ASR_BASE_960H,greedy_ctc_collapse
1919-142785-0002,clipping,severe,NATIONS,matched,0.959471,True,WAV2VEC2_ASR_BASE_960H,greedy_ctc_collapse
1919-142785-0002,clipping,severe,OF,matched,0.99935,True,WAV2VEC2_ASR_BASE_960H,greedy_ctc_collapse
1919-142785-0002,clipping,severe,ANTIQUITY,matched,0.999344,True,WAV2VEC2_ASR_BASE_960H,greedy_ctc_collapse
1919-142785-0002,bandwidth,mild,ORIGINALLY,matched,0.99863,True,WAV2VEC2_ASR_BASE_960H,greedy_ctc_collapse
1919-142785-0002,bandwidth,mild,THE,matched,0.9986,True,WAV2VEC2_ASR_BASE_960H,greedy_ctc_collapse
1919-142785-0002,bandwidth,mild,MOST,matched,0.963375,True,WAV2VEC2_ASR_BASE_960H,greedy_ctc_collapse
1919-142785-0002,bandwidth,mild,VALUABLE,matched,0.999575,True,WAV2VEC2_ASR_BASE_960H,greedy_ctc_collapse
1919-142785-0002,bandwidth,mild,OF,matched,0.9989,True,WAV2VEC2_ASR_BASE_960H,greedy_ctc_collapse
1919-142785-0002,bandwidth,mild,THESE,matched,0.95096,True,WAV2VEC2_ASR_BASE_960H,greedy_ctc_collapse
1919-142785-0002,bandwidth,mild,WERE,matched,0.999475,True,WAV2VEC2_ASR_BASE_960H,greedy_ctc_collapse
1919-142785-0002,bandwidth,mild,FOUND,matched,0.95392,True,WAV2VEC2_ASR_BASE_960H,greedy_ctc_collapse
1919-142785-0002,bandwidth,mild,IN,matched,0.9997,True,WAV2VEC2_ASR_BASE_960H,greedy_ctc_collapse
1919-142785-0002,bandwidth,mild,THE,matched,0.9637,True,WAV2VEC2_ASR_BASE_960H,greedy_ctc_collapse
1919-142785-0002,bandwidth,mild,SPICE,matched,0.99954,True,WAV2VEC2_ASR_BASE_960H,greedy_ctc_collapse
1919-142785-0002,bandwidth,mild,ISLANDS,matched,0.985929,True,WAV2VEC2_ASR_BASE_960H,greedy_ctc_collapse
1919-142785-0002,bandwidth,mild,OR,matched,0.95685,True,WAV2VEC2_ASR_BASE_960H,greedy_ctc_collapse
1919-142785-0002,bandwidth,mild,MOLUCCAS,matched,0.901925,False,WAV2VEC2_ASR_BASE_960H,greedy_ctc_collapse
1919-142785-0002,bandwidth,mild,OF,matched,0.99935,True,WAV2VEC2_ASR_BASE_960H,greedy_ctc_collapse
1919-142785-0002,bandwidth,mild,THE,matched,0.999433,True,WAV2VEC2_ASR_BASE_960H,greedy_ctc_collapse
1919-142785-0002,bandwidth,mild,INDIAN,matched,0.999967,True,WAV2VEC2_ASR_BASE_960H,greedy_ctc_collapse
1919-142785-0002,bandwidth,mild,OCEAN,matched,0.9999,True,WAV2VEC2_ASR_BASE_960H,greedy_ctc_collapse
1919-142785-0002,bandwidth,mild,AND,matched,0.999933,True,WAV2VEC2_ASR_BASE_960H,greedy_ctc_collapse
1919-142785-0002,bandwidth,mild,WERE,matched,0.9998,True,WAV2VEC2_ASR_BASE_960H,greedy_ctc_collapse
1919-142785-0002,bandwidth,mild,HIGHLY,matched,1.0,True,WAV2VEC2_ASR_BASE_960H,greedy_ctc_collapse
1919-142785-0002,bandwidth,mild,PRIZED,matched,0.933483,True,WAV2VEC2_ASR_BASE_960H,greedy_ctc_collapse
1919-142785-0002,bandwidth,mild,BY,matched,0.99985,True,WAV2VEC2_ASR_BASE_960H,greedy_ctc_collapse
1919-142785-0002,bandwidth,mild,THE,matched,0.9983,True,WAV2VEC2_ASR_BASE_960H,greedy_ctc_collapse
1919-142785-0002,bandwidth,mild,NATIONS,matched,0.9911,True,WAV2VEC2_ASR_BASE_960H,greedy_ctc_collapse
1919-142785-0002,bandwidth,mild,OF,matched,0.99905,True,WAV2VEC2_ASR_BASE_960H,greedy_ctc_collapse
1919-142785-0002,bandwidth,mild,ANTIQUITY,matched,0.999922,True,WAV2VEC2_ASR_BASE_960H,greedy_ctc_collapse
1919-142785-0002,bandwidth,medium,ORIGINALLY,matched,0.99318,True,WAV2VEC2_ASR_BASE_960H,greedy_ctc_collapse
1919-142785-0002,bandwidth,medium,THE,matched,0.9982,True,WAV2VEC2_ASR_BASE_960H,greedy_ctc_collapse
1919-142785-0002,bandwidth,medium,MOST,matched,0.99545,True,WAV2VEC2_ASR_BASE_960H,greedy_ctc_collapse
1919-142785-0002,bandwidth,medium,VALUABLE,matched,0.996225,True,WAV2VEC2_ASR_BASE_960H,greedy_ctc_collapse
1919-142785-0002,bandwidth,medium,OF,matched,0.99915,True,WAV2VEC2_ASR_BASE_960H,greedy_ctc_collapse
1919-142785-0002,bandwidth,medium,THESE,matched,0.9303,True,WAV2VEC2_ASR_BASE_960H,greedy_ctc_collapse
1919-142785-0002,bandwidth,medium,WERE,matched,0.9994,True,WAV2VEC2_ASR_BASE_960H,greedy_ctc_collapse
1919-142785-0002,bandwidth,medium,FOUND,matched,0.99826,True,WAV2VEC2_ASR_BASE_960H,greedy_ctc_collapse
1919-142785-0002,bandwidth,medium,IN,matched,0.9998,True,WAV2VEC2_ASR_BASE_960H,greedy_ctc_collapse
1919-142785-0002,bandwidth,medium,THE,matched,0.9706,True,WAV2VEC2_ASR_BASE_960H,greedy_ctc_collapse
1919-142785-0002,bandwidth,medium,SPICE,matched,0.99894,True,WAV2VEC2_ASR_BASE_960H,greedy_ctc_collapse
1919-142785-0002,bandwidth,medium,ISLANDS,matched,0.991829,True,WAV2VEC2_ASR_BASE_960H,greedy_ctc_collapse
1919-142785-0002,bandwidth,medium,OR,matched,0.93745,True,WAV2VEC2_ASR_BASE_960H,greedy_ctc_collapse
1919-142785-0002,bandwidth,medium,MOLUCCAS,matched,0.919713,False,WAV2VEC2_ASR_BASE_960H,greedy_ctc_collapse
1919-142785-0002,bandwidth,medium,OF,matched,0.9994,True,WAV2VEC2_ASR_BASE_960H,greedy_ctc_collapse
1919-142785-0002,bandwidth,medium,THE,matched,0.999233,True,WAV2VEC2_ASR_BASE_960H,greedy_ctc_collapse
1919-142785-0002,bandwidth,medium,INDIAN,matched,0.99995,True,WAV2VEC2_ASR_BASE_960H,greedy_ctc_collapse
1919-142785-0002,bandwidth,medium,OCEAN,matched,0.99992,True,WAV2VEC2_ASR_BASE_960H,greedy_ctc_collapse
1919-142785-0002,bandwidth,medium,AND,matched,0.999867,True,WAV2VEC2_ASR_BASE_960H,greedy_ctc_collapse
1919-142785-0002,bandwidth,medium,WERE,matched,0.999825,True,WAV2VEC2_ASR_BASE_960H,greedy_ctc_collapse
1919-142785-0002,bandwidth,medium,HIGHLY,matched,1.0,True,WAV2VEC2_ASR_BASE_960H,greedy_ctc_collapse
1919-142785-0002,bandwidth,medium,PRIZED,matched,0.992367,True,WAV2VEC2_ASR_BASE_960H,greedy_ctc_collapse
1919-142785-0002,bandwidth,medium,BY,matched,0.9999,True,WAV2VEC2_ASR_BASE_960H,greedy_ctc_collapse
1919-142785-0002,bandwidth,medium,THE,matched,0.998467,True,WAV2VEC2_ASR_BASE_960H,greedy_ctc_collapse
1919-142785-0002,bandwidth,medium,NATIONS,matched,0.932986,True,WAV2VEC2_ASR_BASE_960H,greedy_ctc_collapse
1919-142785-0002,bandwidth,medium,OF,matched,0.99915,True,WAV2VEC2_ASR_BASE_960H,greedy_ctc_collapse
1919-142785-0002,bandwidth,medium,ANTIQUITY,matched,0.962933,True,WAV2VEC2_ASR_BASE_960H,greedy_ctc_collapse
1919-142785-0002,bandwidth,severe,ORIGINALLY,matched,0.99997,True,WAV2VEC2_ASR_BASE_960H,greedy_ctc_collapse
1919-142785-0002,bandwidth,severe,THE,matched,0.9978,True,WAV2VEC2_ASR_BASE_960H,greedy_ctc_collapse
1919-142785-0002,bandwidth,severe,MOST,matched,0.958425,True,WAV2VEC2_ASR_BASE_960H,greedy_ctc_collapse
1919-142785-0002,bandwidth,severe,VALUABLE,matched,0.915488,True,WAV2VEC2_ASR_BASE_960H,greedy_ctc_collapse
1919-142785-0002,bandwidth,severe,OF,matched,0.9988,True,WAV2VEC2_ASR_BASE_960H,greedy_ctc_collapse
1919-142785-0002,bandwidth,severe,THESE,matched,0.99042,True,WAV2VEC2_ASR_BASE_960H,greedy_ctc_collapse
1919-142785-0002,bandwidth,severe,WERE,matched,0.97365,True,WAV2VEC2_ASR_BASE_960H,greedy_ctc_collapse
1919-142785-0002,bandwidth,severe,FOUND,matched,0.99272,True,WAV2VEC2_ASR_BASE_960H,greedy_ctc_collapse
1919-142785-0002,bandwidth,severe,IN,matched,0.999,True,WAV2VEC2_ASR_BASE_960H,greedy_ctc_collapse
1919-142785-0002,bandwidth,severe,THE,matched,0.972833,True,WAV2VEC2_ASR_BASE_960H,greedy_ctc_collapse
1919-142785-0002,bandwidth,severe,SPICE,matched,0.99872,True,WAV2VEC2_ASR_BASE_960H,greedy_ctc_collapse
1919-142785-0002,bandwidth,severe,ISLANDS,matched,0.897214,True,WAV2VEC2_ASR_BASE_960H,greedy_ctc_collapse
1919-142785-0002,bandwidth,severe,OR,matched,0.99035,True,WAV2VEC2_ASR_BASE_960H,greedy_ctc_collapse
1919-142785-0002,bandwidth,severe,MOLUCCAS,matched,0.926586,False,WAV2VEC2_ASR_BASE_960H,greedy_ctc_collapse
1919-142785-0002,bandwidth,severe,OF,matched,0.99835,True,WAV2VEC2_ASR_BASE_960H,greedy_ctc_collapse
1919-142785-0002,bandwidth,severe,THE,matched,0.9016,True,WAV2VEC2_ASR_BASE_960H,greedy_ctc_collapse
1919-142785-0002,bandwidth,severe,INDIAN,matched,0.999767,True,WAV2VEC2_ASR_BASE_960H,greedy_ctc_collapse
1919-142785-0002,bandwidth,severe,OCEAN,matched,0.99966,True,WAV2VEC2_ASR_BASE_960H,greedy_ctc_collapse
1919-142785-0002,bandwidth,severe,AND,matched,0.995467,True,WAV2VEC2_ASR_BASE_960H,greedy_ctc_collapse
1919-142785-0002,bandwidth,severe,WERE,matched,0.9988,True,WAV2VEC2_ASR_BASE_960H,greedy_ctc_collapse
1919-142785-0002,bandwidth,severe,HIGHLY,matched,0.999967,True,WAV2VEC2_ASR_BASE_960H,greedy_ctc_collapse
1919-142785-0002,bandwidth,severe,PRIZED,matched,0.98395,True,WAV2VEC2_ASR_BASE_960H,greedy_ctc_collapse
1919-142785-0002,bandwidth,severe,BY,matched,0.9999,True,WAV2VEC2_ASR_BASE_960H,greedy_ctc_collapse
1919-142785-0002,bandwidth,severe,THE,matched,0.9958,True,WAV2VEC2_ASR_BASE_960H,greedy_ctc_collapse
1919-142785-0002,bandwidth,severe,NATIONS,matched,0.999429,True,WAV2VEC2_ASR_BASE_960H,greedy_ctc_collapse
1919-142785-0002,bandwidth,severe,OF,matched,0.9981,True,WAV2VEC2_ASR_BASE_960H,greedy_ctc_collapse
1919-142785-0002,bandwidth,severe,ANTIQUITY,matched,0.999844,True,WAV2VEC2_ASR_BASE_960H,greedy_ctc_collapse
1919-142785-0002,dropout,mild,ORIGINALLY,matched,1.0,True,WAV2VEC2_ASR_BASE_960H,greedy_ctc_collapse
1919-142785-0002,dropout,mild,THE,matched,0.9985,True,WAV2VEC2_ASR_BASE_960H,greedy_ctc_collapse
1919-142785-0002,dropout,mild,MOST,matched,0.977125,True,WAV2VEC2_ASR_BASE_960H,greedy_ctc_collapse
1919-142785-0002,dropout,mild,VALUABLE,matched,0.999862,True,WAV2VEC2_ASR_BASE_960H,greedy_ctc_collapse
1919-142785-0002,dropout,mild,OF,matched,0.99915,True,WAV2VEC2_ASR_BASE_960H,greedy_ctc_collapse
1919-142785-0002,dropout,mild,THESE,matched,0.97776,True,WAV2VEC2_ASR_BASE_960H,greedy_ctc_collapse
1919-142785-0002,dropout,mild,WERE,matched,0.998975,True,WAV2VEC2_ASR_BASE_960H,greedy_ctc_collapse
1919-142785-0002,dropout,mild,FOUND,matched,0.99928,True,WAV2VEC2_ASR_BASE_960H,greedy_ctc_collapse
1919-142785-0002,dropout,mild,IN,matched,0.99975,True,WAV2VEC2_ASR_BASE_960H,greedy_ctc_collapse
1919-142785-0002,dropout,mild,THE,matched,0.994367,True,WAV2VEC2_ASR_BASE_960H,greedy_ctc_collapse
1919-142785-0002,dropout,mild,SPICE,matched,0.99256,True,WAV2VEC2_ASR_BASE_960H,greedy_ctc_collapse
1919-142785-0002,dropout,mild,ISLANDS,matched,0.9675,True,WAV2VEC2_ASR_BASE_960H,greedy_ctc_collapse
1919-142785-0002,dropout,mild,OR,matched,0.90425,True,WAV2VEC2_ASR_BASE_960H,greedy_ctc_collapse
1919-142785-0002,dropout,mild,MOLUCCAS,matched,0.853738,False,WAV2VEC2_ASR_BASE_960H,greedy_ctc_collapse
1919-142785-0002,dropout,mild,OF,matched,0.99955,True,WAV2VEC2_ASR_BASE_960H,greedy_ctc_collapse
1919-142785-0002,dropout,mild,THE,matched,0.999433,True,WAV2VEC2_ASR_BASE_960H,greedy_ctc_collapse
1919-142785-0002,dropout,mild,INDIAN,matched,0.999967,True,WAV2VEC2_ASR_BASE_960H,greedy_ctc_collapse
1919-142785-0002,dropout,mild,OCEAN,matched,0.9978,True,WAV2VEC2_ASR_BASE_960H,greedy_ctc_collapse
1919-142785-0002,dropout,mild,AND,matched,0.999867,True,WAV2VEC2_ASR_BASE_960H,greedy_ctc_collapse
1919-142785-0002,dropout,mild,WERE,matched,0.99955,True,WAV2VEC2_ASR_BASE_960H,greedy_ctc_collapse
1919-142785-0002,dropout,mild,HIGHLY,matched,0.974417,True,WAV2VEC2_ASR_BASE_960H,greedy_ctc_collapse
1919-142785-0002,dropout,mild,PRIZED,matched,0.980717,True,WAV2VEC2_ASR_BASE_960H,greedy_ctc_collapse
1919-142785-0002,dropout,mild,BY,matched,0.9998,True,WAV2VEC2_ASR_BASE_960H,greedy_ctc_collapse
1919-142785-0002,dropout,mild,THE,matched,0.999067,True,WAV2VEC2_ASR_BASE_960H,greedy_ctc_collapse
1919-142785-0002,dropout,mild,NATIONS,matched,0.944814,True,WAV2VEC2_ASR_BASE_960H,greedy_ctc_collapse
1919-142785-0002,dropout,mild,OF,matched,0.9996,True,WAV2VEC2_ASR_BASE_960H,greedy_ctc_collapse
1919-142785-0002,dropout,mild,ANTIQUITY,matched,0.999922,True,WAV2VEC2_ASR_BASE_960H,greedy_ctc_collapse
1919-142785-0002,dropout,medium,ORIGINALLY,matched,1.0,True,WAV2VEC2_ASR_BASE_960H,greedy_ctc_collapse
1919-142785-0002,dropout,medium,THE,matched,0.9986,True,WAV2VEC2_ASR_BASE_960H,greedy_ctc_collapse
1919-142785-0002,dropout,medium,MOST,matched,0.9796,True,WAV2VEC2_ASR_BASE_960H,greedy_ctc_collapse
1919-142785-0002,dropout,medium,VALUABLE,matched,0.999862,True,WAV2VEC2_ASR_BASE_960H,greedy_ctc_collapse
1919-142785-0002,dropout,medium,OF,matched,0.99925,True,WAV2VEC2_ASR_BASE_960H,greedy_ctc_collapse
1919-142785-0002,dropout,medium,THESE,matched,0.9889,True,WAV2VEC2_ASR_BASE_960H,greedy_ctc_collapse
1919-142785-0002,dropout,medium,WERE,matched,0.99905,True,WAV2VEC2_ASR_BASE_960H,greedy_ctc_collapse
1919-142785-0002,dropout,medium,FOUND,matched,0.99884,True,WAV2VEC2_ASR_BASE_960H,greedy_ctc_collapse
1919-142785-0002,dropout,medium,IN,matched,0.99975,True,WAV2VEC2_ASR_BASE_960H,greedy_ctc_collapse
1919-142785-0002,dropout,medium,THE,matched,0.993367,True,WAV2VEC2_ASR_BASE_960H,greedy_ctc_collapse
1919-142785-0002,dropout,medium,SPICE,matched,0.99594,True,WAV2VEC2_ASR_BASE_960H,greedy_ctc_collapse
1919-142785-0002,dropout,medium,ISLANDS,matched,0.963743,True,WAV2VEC2_ASR_BASE_960H,greedy_ctc_collapse
1919-142785-0002,dropout,medium,OR,matched,0.90845,True,WAV2VEC2_ASR_BASE_960H,greedy_ctc_collapse
1919-142785-0002,dropout,medium,MOLUCCAS,matched,0.856088,False,WAV2VEC2_ASR_BASE_960H,greedy_ctc_collapse
1919-142785-0002,dropout,medium,OF,matched,0.99955,True,WAV2VEC2_ASR_BASE_960H,greedy_ctc_collapse
1919-142785-0002,dropout,medium,THE,matched,0.999367,True,WAV2VEC2_ASR_BASE_960H,greedy_ctc_collapse
1919-142785-0002,dropout,medium,INDIAN,matched,0.999933,True,WAV2VEC2_ASR_BASE_960H,greedy_ctc_collapse
1919-142785-0002,dropout,medium,OCEAN,matched,0.99706,True,WAV2VEC2_ASR_BASE_960H,greedy_ctc_collapse
1919-142785-0002,dropout,medium,AND,matched,0.9999,True,WAV2VEC2_ASR_BASE_960H,greedy_ctc_collapse
1919-142785-0002,dropout,medium,WERE,matched,0.999625,True,WAV2VEC2_ASR_BASE_960H,greedy_ctc_collapse
1919-142785-0002,dropout,medium,HIGHLY,matched,0.9987,True,WAV2VEC2_ASR_BASE_960H,greedy_ctc_collapse
1919-142785-0002,dropout,medium,PRIZED,matched,0.970467,True,WAV2VEC2_ASR_BASE_960H,greedy_ctc_collapse
1919-142785-0002,dropout,medium,BY,matched,0.99985,True,WAV2VEC2_ASR_BASE_960H,greedy_ctc_collapse
1919-142785-0002,dropout,medium,THE,matched,0.9989,True,WAV2VEC2_ASR_BASE_960H,greedy_ctc_collapse
1919-142785-0002,dropout,medium,NATIONS,matched,0.999814,True,WAV2VEC2_ASR_BASE_960H,greedy_ctc_collapse
1919-142785-0002,dropout,medium,OF,matched,0.99955,True,WAV2VEC2_ASR_BASE_960H,greedy_ctc_collapse
1919-142785-0002,dropout,medium,ANTIQUITY,matched,0.9999,True,WAV2VEC2_ASR_BASE_960H,greedy_ctc_collapse
1919-142785-0002,dropout,severe,ORIGINALLY,matched,0.91689,True,WAV2VEC2_ASR_BASE_960H,greedy_ctc_collapse
1919-142785-0002,dropout,severe,THE,deleted,,,WAV2VEC2_ASR_BASE_960H,greedy_ctc_collapse
1919-142785-0002,dropout,severe,MOST,matched,0.9986,True,WAV2VEC2_ASR_BASE_960H,greedy_ctc_collapse
1919-142785-0002,dropout,severe,VALUABLE,matched,0.999862,True,WAV2VEC2_ASR_BASE_960H,greedy_ctc_collapse
1919-142785-0002,dropout,severe,OF,matched,0.9981,True,WAV2VEC2_ASR_BASE_960H,greedy_ctc_collapse
1919-142785-0002,dropout,severe,THESE,matched,0.98944,True,WAV2VEC2_ASR_BASE_960H,greedy_ctc_collapse
1919-142785-0002,dropout,severe,WERE,matched,0.999625,True,WAV2VEC2_ASR_BASE_960H,greedy_ctc_collapse
1919-142785-0002,dropout,severe,FOUND,matched,0.99948,True,WAV2VEC2_ASR_BASE_960H,greedy_ctc_collapse
1919-142785-0002,dropout,severe,IN,matched,0.9997,True,WAV2VEC2_ASR_BASE_960H,greedy_ctc_collapse
1919-142785-0002,dropout,severe,THE,matched,0.988067,True,WAV2VEC2_ASR_BASE_960H,greedy_ctc_collapse
1919-142785-0002,dropout,severe,SPICE,matched,0.99646,True,WAV2VEC2_ASR_BASE_960H,greedy_ctc_collapse
1919-142785-0002,dropout,severe,ISLANDS,matched,0.943229,True,WAV2VEC2_ASR_BASE_960H,greedy_ctc_collapse
1919-142785-0002,dropout,severe,OR,matched,0.9915,True,WAV2VEC2_ASR_BASE_960H,greedy_ctc_collapse
1919-142785-0002,dropout,severe,MOLUCCAS,matched,0.85115,True,WAV2VEC2_ASR_BASE_960H,greedy_ctc_collapse
1919-142785-0002,dropout,severe,OF,matched,0.9994,True,WAV2VEC2_ASR_BASE_960H,greedy_ctc_collapse
1919-142785-0002,dropout,severe,THE,matched,0.997533,True,WAV2VEC2_ASR_BASE_960H,greedy_ctc_collapse
1919-142785-0002,dropout,severe,INDIAN,matched,0.99975,True,WAV2VEC2_ASR_BASE_960H,greedy_ctc_collapse
1919-142785-0002,dropout,severe,OCEAN,matched,0.709833,False,WAV2VEC2_ASR_BASE_960H,greedy_ctc_collapse
1919-142785-0002,dropout,severe,AND,matched,0.888,True,WAV2VEC2_ASR_BASE_960H,greedy_ctc_collapse
1919-142785-0002,dropout,severe,WERE,matched,0.997325,True,WAV2VEC2_ASR_BASE_960H,greedy_ctc_collapse
1919-142785-0002,dropout,severe,HIGHLY,matched,0.6608,False,WAV2VEC2_ASR_BASE_960H,greedy_ctc_collapse
1919-142785-0002,dropout,severe,PRIZED,matched,0.98005,True,WAV2VEC2_ASR_BASE_960H,greedy_ctc_collapse
1919-142785-0002,dropout,severe,BY,matched,0.99985,True,WAV2VEC2_ASR_BASE_960H,greedy_ctc_collapse
1919-142785-0002,dropout,severe,THE,matched,0.996133,True,WAV2VEC2_ASR_BASE_960H,greedy_ctc_collapse
1919-142785-0002,dropout,severe,NATIONS,matched,0.999729,True,WAV2VEC2_ASR_BASE_960H,greedy_ctc_collapse
1919-142785-0002,dropout,severe,OF,matched,0.99925,True,WAV2VEC2_ASR_BASE_960H,greedy_ctc_collapse
1919-142785-0002,dropout,severe,ANTIQUITY,matched,0.999911,True,WAV2VEC2_ASR_BASE_960H,greedy_ctc_collapse
1919-142785-0002,reverberation,mild,ORIGINALLY,matched,0.89973,True,WAV2VEC2_ASR_BASE_960H,greedy_ctc_collapse
1919-142785-0002,reverberation,mild,THE,matched,0.998033,True,WAV2VEC2_ASR_BASE_960H,greedy_ctc_collapse
1919-142785-0002,reverberation,mild,MOST,matched,1.0,True,WAV2VEC2_ASR_BASE_960H,greedy_ctc_collapse
1919-142785-0002,reverberation,mild,VALUABLE,matched,0.999925,True,WAV2VEC2_ASR_BASE_960H,greedy_ctc_collapse
1919-142785-0002,reverberation,mild,OF,matched,0.99775,True,WAV2VEC2_ASR_BASE_960H,greedy_ctc_collapse
1919-142785-0002,reverberation,mild,THESE,matched,0.9999,True,WAV2VEC2_ASR_BASE_960H,greedy_ctc_collapse
1919-142785-0002,reverberation,mild,WERE,matched,0.998025,True,WAV2VEC2_ASR_BASE_960H,greedy_ctc_collapse
1919-142785-0002,reverberation,mild,FOUND,matched,0.95424,True,WAV2VEC2_ASR_BASE_960H,greedy_ctc_collapse
1919-142785-0002,reverberation,mild,IN,matched,0.99945,True,WAV2VEC2_ASR_BASE_960H,greedy_ctc_collapse
1919-142785-0002,reverberation,mild,THE,matched,0.982267,True,WAV2VEC2_ASR_BASE_960H,greedy_ctc_collapse
1919-142785-0002,reverberation,mild,SPICE,matched,0.99856,True,WAV2VEC2_ASR_BASE_960H,greedy_ctc_collapse
1919-142785-0002,reverberation,mild,ISLANDS,matched,0.9315,True,WAV2VEC2_ASR_BASE_960H,greedy_ctc_collapse
1919-142785-0002,reverberation,mild,OR,matched,0.9997,True,WAV2VEC2_ASR_BASE_960H,greedy_ctc_collapse
1919-142785-0002,reverberation,mild,MOLUCCAS,matched,0.824325,False,WAV2VEC2_ASR_BASE_960H,greedy_ctc_collapse
1919-142785-0002,reverberation,mild,OF,matched,0.9993,True,WAV2VEC2_ASR_BASE_960H,greedy_ctc_collapse
1919-142785-0002,reverberation,mild,THE,matched,0.998967,True,WAV2VEC2_ASR_BASE_960H,greedy_ctc_collapse
1919-142785-0002,reverberation,mild,INDIAN,matched,0.999967,True,WAV2VEC2_ASR_BASE_960H,greedy_ctc_collapse
1919-142785-0002,reverberation,mild,OCEAN,matched,0.99996,True,WAV2VEC2_ASR_BASE_960H,greedy_ctc_collapse
1919-142785-0002,reverberation,mild,AND,matched,0.999667,True,WAV2VEC2_ASR_BASE_960H,greedy_ctc_collapse
1919-142785-0002,reverberation,mild,WERE,matched,0.999625,True,WAV2VEC2_ASR_BASE_960H,greedy_ctc_collapse
1919-142785-0002,reverberation,mild,HIGHLY,matched,0.929333,True,WAV2VEC2_ASR_BASE_960H,greedy_ctc_collapse
1919-142785-0002,reverberation,mild,PRIZED,matched,0.968083,True,WAV2VEC2_ASR_BASE_960H,greedy_ctc_collapse
1919-142785-0002,reverberation,mild,BY,matched,0.99965,True,WAV2VEC2_ASR_BASE_960H,greedy_ctc_collapse
1919-142785-0002,reverberation,mild,THE,matched,0.9947,True,WAV2VEC2_ASR_BASE_960H,greedy_ctc_collapse
1919-142785-0002,reverberation,mild,NATIONS,matched,0.997486,True,WAV2VEC2_ASR_BASE_960H,greedy_ctc_collapse
1919-142785-0002,reverberation,mild,OF,matched,0.9992,True,WAV2VEC2_ASR_BASE_960H,greedy_ctc_collapse
1919-142785-0002,reverberation,mild,ANTIQUITY,matched,0.997056,True,WAV2VEC2_ASR_BASE_960H,greedy_ctc_collapse
1919-142785-0002,reverberation,medium,ORIGINALLY,matched,0.9788,True,WAV2VEC2_ASR_BASE_960H,greedy_ctc_collapse
1919-142785-0002,reverberation,medium,THE,matched,0.998733,True,WAV2VEC2_ASR_BASE_960H,greedy_ctc_collapse
1919-142785-0002,reverberation,medium,MOST,matched,0.90295,True,WAV2VEC2_ASR_BASE_960H,greedy_ctc_collapse
1919-142785-0002,reverberation,medium,VALUABLE,matched,0.994088,True,WAV2VEC2_ASR_BASE_960H,greedy_ctc_collapse
1919-142785-0002,reverberation,medium,OF,matched,0.99615,True,WAV2VEC2_ASR_BASE_960H,greedy_ctc_collapse
1919-142785-0002,reverberation,medium,THESE,matched,0.95784,True,WAV2VEC2_ASR_BASE_960H,greedy_ctc_collapse
1919-142785-0002,reverberation,medium,WERE,matched,0.998925,True,WAV2VEC2_ASR_BASE_960H,greedy_ctc_collapse
1919-142785-0002,reverberation,medium,FOUND,matched,0.99972,True,WAV2VEC2_ASR_BASE_960H,greedy_ctc_collapse
1919-142785-0002,reverberation,medium,IN,matched,0.9984,True,WAV2VEC2_ASR_BASE_960H,greedy_ctc_collapse
1919-142785-0002,reverberation,medium,THE,matched,0.9286,True,WAV2VEC2_ASR_BASE_960H,greedy_ctc_collapse
1919-142785-0002,reverberation,medium,SPICE,matched,0.99376,True,WAV2VEC2_ASR_BASE_960H,greedy_ctc_collapse
1919-142785-0002,reverberation,medium,ISLANDS,matched,0.995457,True,WAV2VEC2_ASR_BASE_960H,greedy_ctc_collapse
1919-142785-0002,reverberation,medium,OR,matched,0.99265,True,WAV2VEC2_ASR_BASE_960H,greedy_ctc_collapse
1919-142785-0002,reverberation,medium,MOLUCCAS,matched,0.909329,False,WAV2VEC2_ASR_BASE_960H,greedy_ctc_collapse
1919-142785-0002,reverberation,medium,OF,matched,0.99845,True,WAV2VEC2_ASR_BASE_960H,greedy_ctc_collapse
1919-142785-0002,reverberation,medium,THE,matched,0.9959,True,WAV2VEC2_ASR_BASE_960H,greedy_ctc_collapse
1919-142785-0002,reverberation,medium,INDIAN,matched,0.978517,True,WAV2VEC2_ASR_BASE_960H,greedy_ctc_collapse
1919-142785-0002,reverberation,medium,OCEAN,matched,0.99998,True,WAV2VEC2_ASR_BASE_960H,greedy_ctc_collapse
1919-142785-0002,reverberation,medium,AND,matched,0.999733,True,WAV2VEC2_ASR_BASE_960H,greedy_ctc_collapse
1919-142785-0002,reverberation,medium,WERE,matched,0.999125,True,WAV2VEC2_ASR_BASE_960H,greedy_ctc_collapse
1919-142785-0002,reverberation,medium,HIGHLY,matched,0.999833,True,WAV2VEC2_ASR_BASE_960H,greedy_ctc_collapse
1919-142785-0002,reverberation,medium,PRIZED,matched,0.9867,True,WAV2VEC2_ASR_BASE_960H,greedy_ctc_collapse
1919-142785-0002,reverberation,medium,BY,matched,0.99955,True,WAV2VEC2_ASR_BASE_960H,greedy_ctc_collapse
1919-142785-0002,reverberation,medium,THE,matched,0.997833,True,WAV2VEC2_ASR_BASE_960H,greedy_ctc_collapse
1919-142785-0002,reverberation,medium,NATIONS,matched,0.961157,True,WAV2VEC2_ASR_BASE_960H,greedy_ctc_collapse
1919-142785-0002,reverberation,medium,OF,matched,0.9878,True,WAV2VEC2_ASR_BASE_960H,greedy_ctc_collapse
1919-142785-0002,reverberation,medium,ANTIQUITY,matched,0.953156,True,WAV2VEC2_ASR_BASE_960H,greedy_ctc_collapse
1919-142785-0002,reverberation,severe,ORIGINALLY,matched,0.87865,True,WAV2VEC2_ASR_BASE_960H,greedy_ctc_collapse
1919-142785-0002,reverberation,severe,THE,matched,0.985,True,WAV2VEC2_ASR_BASE_960H,greedy_ctc_collapse
1919-142785-0002,reverberation,severe,MOST,matched,0.991675,True,WAV2VEC2_ASR_BASE_960H,greedy_ctc_collapse
1919-142785-0002,reverberation,severe,VALUABLE,deleted,,,WAV2VEC2_ASR_BASE_960H,greedy_ctc_collapse
1919-142785-0002,reverberation,severe,OF,deleted,,,WAV2VEC2_ASR_BASE_960H,greedy_ctc_collapse
1919-142785-0002,reverberation,severe,THESE,matched,0.801036,False,WAV2VEC2_ASR_BASE_960H,greedy_ctc_collapse
1919-142785-0002,reverberation,severe,WERE,matched,0.897625,True,WAV2VEC2_ASR_BASE_960H,greedy_ctc_collapse
1919-142785-0002,reverberation,severe,FOUND,matched,0.9968,True,WAV2VEC2_ASR_BASE_960H,greedy_ctc_collapse
1919-142785-0002,reverberation,severe,IN,deleted,,,WAV2VEC2_ASR_BASE_960H,greedy_ctc_collapse
1919-142785-0002,reverberation,severe,THE,deleted,,,WAV2VEC2_ASR_BASE_960H,greedy_ctc_collapse
1919-142785-0002,reverberation,severe,SPICE,deleted,,,WAV2VEC2_ASR_BASE_960H,greedy_ctc_collapse
1919-142785-0002,reverberation,severe,ISLANDS,matched,0.821533,False,WAV2VEC2_ASR_BASE_960H,greedy_ctc_collapse
1919-142785-0002,reverberation,severe,OR,matched,0.8045,False,WAV2VEC2_ASR_BASE_960H,greedy_ctc_collapse
1919-142785-0002,reverberation,severe,MOLUCCAS,matched,0.806987,False,WAV2VEC2_ASR_BASE_960H,greedy_ctc_collapse
1919-142785-0002,reverberation,severe,OF,matched,0.98575,True,WAV2VEC2_ASR_BASE_960H,greedy_ctc_collapse
1919-142785-0002,reverberation,severe,THE,matched,0.995467,True,WAV2VEC2_ASR_BASE_960H,greedy_ctc_collapse
1919-142785-0002,reverberation,severe,INDIAN,matched,0.9735,True,WAV2VEC2_ASR_BASE_960H,greedy_ctc_collapse
1919-142785-0002,reverberation,severe,OCEAN,matched,0.9981,True,WAV2VEC2_ASR_BASE_960H,greedy_ctc_collapse
1919-142785-0002,reverberation,severe,AND,matched,0.999567,True,WAV2VEC2_ASR_BASE_960H,greedy_ctc_collapse
1919-142785-0002,reverberation,severe,WERE,matched,0.982925,True,WAV2VEC2_ASR_BASE_960H,greedy_ctc_collapse
1919-142785-0002,reverberation,severe,HIGHLY,matched,0.9111,True,WAV2VEC2_ASR_BASE_960H,greedy_ctc_collapse
1919-142785-0002,reverberation,severe,PRIZED,matched,0.940783,True,WAV2VEC2_ASR_BASE_960H,greedy_ctc_collapse
1919-142785-0002,reverberation,severe,BY,matched,0.7715,False,WAV2VEC2_ASR_BASE_960H,greedy_ctc_collapse
1919-142785-0002,reverberation,severe,THE,matched,0.748367,True,WAV2VEC2_ASR_BASE_960H,greedy_ctc_collapse
1919-142785-0002,reverberation,severe,NATIONS,matched,0.808029,True,WAV2VEC2_ASR_BASE_960H,greedy_ctc_collapse
1919-142785-0002,reverberation,severe,OF,deleted,,,WAV2VEC2_ASR_BASE_960H,greedy_ctc_collapse
1919-142785-0002,reverberation,severe,ANTIQUITY,matched,0.71189,False,WAV2VEC2_ASR_BASE_960H,greedy_ctc_collapse
1919-142785-0003,clean,none,THE,matched,0.997567,True,WAV2VEC2_ASR_BASE_960H,greedy_ctc_collapse
1919-142785-0003,clean,none,LONG,matched,0.999925,True,WAV2VEC2_ASR_BASE_960H,greedy_ctc_collapse
1919-142785-0003,clean,none,PEPPER,matched,1.0,True,WAV2VEC2_ASR_BASE_960H,greedy_ctc_collapse
1919-142785-0003,clean,none,IS,matched,0.99995,True,WAV2VEC2_ASR_BASE_960H,greedy_ctc_collapse
1919-142785-0003,clean,none,LESS,matched,0.82755,True,WAV2VEC2_ASR_BASE_960H,greedy_ctc_collapse
1919-142785-0003,clean,none,AROMATIC,matched,0.995962,True,WAV2VEC2_ASR_BASE_960H,greedy_ctc_collapse
1919-142785-0003,clean,none,THAN,matched,0.999675,True,WAV2VEC2_ASR_BASE_960H,greedy_ctc_collapse
1919-142785-0003,clean,none,THE,matched,0.999867,True,WAV2VEC2_ASR_BASE_960H,greedy_ctc_collapse
1919-142785-0003,clean,none,BLACK,matched,0.97184,True,WAV2VEC2_ASR_BASE_960H,greedy_ctc_collapse
1919-142785-0003,clean,none,BUT,matched,0.966933,True,WAV2VEC2_ASR_BASE_960H,greedy_ctc_collapse
1919-142785-0003,clean,none,ITS,matched,0.966267,True,WAV2VEC2_ASR_BASE_960H,greedy_ctc_collapse
1919-142785-0003,clean,none,OIL,matched,0.890467,True,WAV2VEC2_ASR_BASE_960H,greedy_ctc_collapse
1919-142785-0003,clean,none,IS,matched,0.99985,True,WAV2VEC2_ASR_BASE_960H,greedy_ctc_collapse
1919-142785-0003,clean,none,MORE,matched,0.999975,True,WAV2VEC2_ASR_BASE_960H,greedy_ctc_collapse
1919-142785-0003,clean,none,PUNGENT,matched,0.999771,True,WAV2VEC2_ASR_BASE_960H,greedy_ctc_collapse
1919-142785-0003,additive_noise,mild,THE,matched,0.9897,True,WAV2VEC2_ASR_BASE_960H,greedy_ctc_collapse
1919-142785-0003,additive_noise,mild,LONG,matched,0.999625,True,WAV2VEC2_ASR_BASE_960H,greedy_ctc_collapse
1919-142785-0003,additive_noise,mild,PEPPER,matched,1.0,True,WAV2VEC2_ASR_BASE_960H,greedy_ctc_collapse
1919-142785-0003,additive_noise,mild,IS,matched,0.99995,True,WAV2VEC2_ASR_BASE_960H,greedy_ctc_collapse
1919-142785-0003,additive_noise,mild,LESS,matched,0.9939,True,WAV2VEC2_ASR_BASE_960H,greedy_ctc_collapse
1919-142785-0003,additive_noise,mild,AROMATIC,matched,0.996025,True,WAV2VEC2_ASR_BASE_960H,greedy_ctc_collapse
1919-142785-0003,additive_noise,mild,THAN,matched,0.9999,True,WAV2VEC2_ASR_BASE_960H,greedy_ctc_collapse
1919-142785-0003,additive_noise,mild,THE,matched,0.999867,True,WAV2VEC2_ASR_BASE_960H,greedy_ctc_collapse
1919-142785-0003,additive_noise,mild,BLACK,matched,0.97336,True,WAV2VEC2_ASR_BASE_960H,greedy_ctc_collapse
1919-142785-0003,additive_noise,mild,BUT,matched,0.998833,True,WAV2VEC2_ASR_BASE_960H,greedy_ctc_collapse
1919-142785-0003,additive_noise,mild,ITS,matched,0.9121,True,WAV2VEC2_ASR_BASE_960H,greedy_ctc_collapse
1919-142785-0003,additive_noise,mild,OIL,matched,0.996233,True,WAV2VEC2_ASR_BASE_960H,greedy_ctc_collapse
1919-142785-0003,additive_noise,mild,IS,matched,0.9999,True,WAV2VEC2_ASR_BASE_960H,greedy_ctc_collapse
1919-142785-0003,additive_noise,mild,MORE,matched,1.0,True,WAV2VEC2_ASR_BASE_960H,greedy_ctc_collapse
1919-142785-0003,additive_noise,mild,PUNGENT,matched,0.991529,True,WAV2VEC2_ASR_BASE_960H,greedy_ctc_collapse
1919-142785-0003,additive_noise,medium,THE,matched,0.998067,True,WAV2VEC2_ASR_BASE_960H,greedy_ctc_collapse
1919-142785-0003,additive_noise,medium,LONG,matched,0.996075,True,WAV2VEC2_ASR_BASE_960H,greedy_ctc_collapse
1919-142785-0003,additive_noise,medium,PEPPER,matched,0.999567,True,WAV2VEC2_ASR_BASE_960H,greedy_ctc_collapse
1919-142785-0003,additive_noise,medium,IS,matched,0.99975,True,WAV2VEC2_ASR_BASE_960H,greedy_ctc_collapse
1919-142785-0003,additive_noise,medium,LESS,matched,0.8271,True,WAV2VEC2_ASR_BASE_960H,greedy_ctc_collapse
1919-142785-0003,additive_noise,medium,AROMATIC,matched,0.988888,True,WAV2VEC2_ASR_BASE_960H,greedy_ctc_collapse
1919-142785-0003,additive_noise,medium,THAN,matched,0.997975,True,WAV2VEC2_ASR_BASE_960H,greedy_ctc_collapse
1919-142785-0003,additive_noise,medium,THE,matched,0.999233,True,WAV2VEC2_ASR_BASE_960H,greedy_ctc_collapse
1919-142785-0003,additive_noise,medium,BLACK,matched,0.9998,True,WAV2VEC2_ASR_BASE_960H,greedy_ctc_collapse
1919-142785-0003,additive_noise,medium,BUT,matched,0.881233,True,WAV2VEC2_ASR_BASE_960H,greedy_ctc_collapse
1919-142785-0003,additive_noise,medium,ITS,matched,0.983267,True,WAV2VEC2_ASR_BASE_960H,greedy_ctc_collapse
1919-142785-0003,additive_noise,medium,OIL,matched,0.999033,True,WAV2VEC2_ASR_BASE_960H,greedy_ctc_collapse
1919-142785-0003,additive_noise,medium,IS,matched,0.99935,True,WAV2VEC2_ASR_BASE_960H,greedy_ctc_collapse
1919-142785-0003,additive_noise,medium,MORE,matched,0.999825,True,WAV2VEC2_ASR_BASE_960H,greedy_ctc_collapse
1919-142785-0003,additive_noise,medium,PUNGENT,matched,0.848786,True,WAV2VEC2_ASR_BASE_960H,greedy_ctc_collapse
1919-142785-0003,additive_noise,severe,THE,matched,0.935433,True,WAV2VEC2_ASR_BASE_960H,greedy_ctc_collapse
1919-142785-0003,additive_noise,severe,LONG,matched,0.6163,True,WAV2VEC2_ASR_BASE_960H,greedy_ctc_collapse
1919-142785-0003,additive_noise,severe,PEPPER,matched,0.4775,False,WAV2VEC2_ASR_BASE_960H,greedy_ctc_collapse
1919-142785-0003,additive_noise,severe,IS,matched,0.3725,False,WAV2VEC2_ASR_BASE_960H,greedy_ctc_collapse
1919-142785-0003,additive_noise,severe,LESS,matched,0.7893,False,WAV2VEC2_ASR_BASE_960H,greedy_ctc_collapse
1919-142785-0003,additive_noise,severe,AROMATIC,matched,0.462933,False,WAV2VEC2_ASR_BASE_960H,greedy_ctc_collapse
1919-142785-0003,additive_noise,severe,THAN,matched,0.8058,False,WAV2VEC2_ASR_BASE_960H,greedy_ctc_collapse
1919-142785-0003,additive_noise,severe,THE,matched,0.51595,False,WAV2VEC2_ASR_BASE_960H,greedy_ctc_collapse
1919-142785-0003,additive_noise,severe,BLACK,matched,0.438767,False,WAV2VEC2_ASR_BASE_960H,greedy_ctc_collapse
1919-142785-0003,additive_noise,severe,BUT,matched,0.604033,False,WAV2VEC2_ASR_BASE_960H,greedy_ctc_collapse
1919-142785-0003,additive_noise,severe,ITS,matched,0.7152,False,WAV2VEC2_ASR_BASE_960H,greedy_ctc_collapse
1919-142785-0003,additive_noise,severe,OIL,matched,0.7057,False,WAV2VEC2_ASR_BASE_960H,greedy_ctc_collapse
1919-142785-0003,additive_noise,severe,IS,matched,0.5159,False,WAV2VEC2_ASR_BASE_960H,greedy_ctc_collapse
1919-142785-0003,additive_noise,severe,MORE,matched,0.51812,False,WAV2VEC2_ASR_BASE_960H,greedy_ctc_collapse
1919-142785-0003,additive_noise,severe,PUNGENT,matched,0.37122,False,WAV2VEC2_ASR_BASE_960H,greedy_ctc_collapse
1919-142785-0003,clipping,mild,THE,matched,0.997533,True,WAV2VEC2_ASR_BASE_960H,greedy_ctc_collapse
1919-142785-0003,clipping,mild,LONG,matched,0.999925,True,WAV2VEC2_ASR_BASE_960H,greedy_ctc_collapse
1919-142785-0003,clipping,mild,PEPPER,matched,1.0,True,WAV2VEC2_ASR_BASE_960H,greedy_ctc_collapse
1919-142785-0003,clipping,mild,IS,matched,0.99995,True,WAV2VEC2_ASR_BASE_960H,greedy_ctc_collapse
1919-142785-0003,clipping,mild,LESS,matched,0.82795,True,WAV2VEC2_ASR_BASE_960H,greedy_ctc_collapse
1919-142785-0003,clipping,mild,AROMATIC,matched,0.995975,True,WAV2VEC2_ASR_BASE_960H,greedy_ctc_collapse
1919-142785-0003,clipping,mild,THAN,matched,0.999675,True,WAV2VEC2_ASR_BASE_960H,greedy_ctc_collapse
1919-142785-0003,clipping,mild,THE,matched,0.999867,True,WAV2VEC2_ASR_BASE_960H,greedy_ctc_collapse
1919-142785-0003,clipping,mild,BLACK,matched,0.97112,True,WAV2VEC2_ASR_BASE_960H,greedy_ctc_collapse
1919-142785-0003,clipping,mild,BUT,matched,0.9671,True,WAV2VEC2_ASR_BASE_960H,greedy_ctc_collapse
1919-142785-0003,clipping,mild,ITS,matched,0.9661,True,WAV2VEC2_ASR_BASE_960H,greedy_ctc_collapse
1919-142785-0003,clipping,mild,OIL,matched,0.888833,True,WAV2VEC2_ASR_BASE_960H,greedy_ctc_collapse
1919-142785-0003,clipping,mild,IS,matched,0.99985,True,WAV2VEC2_ASR_BASE_960H,greedy_ctc_collapse
1919-142785-0003,clipping,mild,MORE,matched,0.999975,True,WAV2VEC2_ASR_BASE_960H,greedy_ctc_collapse
1919-142785-0003,clipping,mild,PUNGENT,matched,0.999771,True,WAV2VEC2_ASR_BASE_960H,greedy_ctc_collapse
1919-142785-0003,clipping,medium,THE,matched,0.998733,True,WAV2VEC2_ASR_BASE_960H,greedy_ctc_collapse
1919-142785-0003,clipping,medium,LONG,matched,0.99995,True,WAV2VEC2_ASR_BASE_960H,greedy_ctc_collapse
1919-142785-0003,clipping,medium,PEPPER,matched,1.0,True,WAV2VEC2_ASR_BASE_960H,greedy_ctc_collapse
1919-142785-0003,clipping,medium,IS,matched,0.99995,True,WAV2VEC2_ASR_BASE_960H,greedy_ctc_collapse
1919-142785-0003,clipping,medium,LESS,matched,0.967075,True,WAV2VEC2_ASR_BASE_960H,greedy_ctc_collapse
1919-142785-0003,clipping,medium,AROMATIC,matched,0.996138,True,WAV2VEC2_ASR_BASE_960H,greedy_ctc_collapse
1919-142785-0003,clipping,medium,THAN,matched,0.999675,True,WAV2VEC2_ASR_BASE_960H,greedy_ctc_collapse
1919-142785-0003,clipping,medium,THE,matched,0.999867,True,WAV2VEC2_ASR_BASE_960H,greedy_ctc_collapse
1919-142785-0003,clipping,medium,BLACK,matched,0.98926,True,WAV2VEC2_ASR_BASE_960H,greedy_ctc_collapse
1919-142785-0003,clipping,medium,BUT,matched,0.985367,True,WAV2VEC2_ASR_BASE_960H,greedy_ctc_collapse
1919-142785-0003,clipping,medium,ITS,matched,0.9856,True,WAV2VEC2_ASR_BASE_960H,greedy_ctc_collapse
1919-142785-0003,clipping,medium,OIL,matched,0.91,True,WAV2VEC2_ASR_BASE_960H,greedy_ctc_collapse
1919-142785-0003,clipping,medium,IS,matched,0.99985,True,WAV2VEC2_ASR_BASE_960H,greedy_ctc_collapse
1919-142785-0003,clipping,medium,MORE,matched,0.999975,True,WAV2VEC2_ASR_BASE_960H,greedy_ctc_collapse
1919-142785-0003,clipping,medium,PUNGENT,matched,0.999743,True,WAV2VEC2_ASR_BASE_960H,greedy_ctc_collapse
1919-142785-0003,clipping,severe,THE,matched,0.999167,True,WAV2VEC2_ASR_BASE_960H,greedy_ctc_collapse
1919-142785-0003,clipping,severe,LONG,matched,0.9998,True,WAV2VEC2_ASR_BASE_960H,greedy_ctc_collapse
1919-142785-0003,clipping,severe,PEPPER,matched,0.999983,True,WAV2VEC2_ASR_BASE_960H,greedy_ctc_collapse
1919-142785-0003,clipping,severe,IS,matched,0.99995,True,WAV2VEC2_ASR_BASE_960H,greedy_ctc_collapse
1919-142785-0003,clipping,severe,LESS,matched,0.999275,True,WAV2VEC2_ASR_BASE_960H,greedy_ctc_collapse
1919-142785-0003,clipping,severe,AROMATIC,matched,0.990812,True,WAV2VEC2_ASR_BASE_960H,greedy_ctc_collapse
1919-142785-0003,clipping,severe,THAN,matched,0.999825,True,WAV2VEC2_ASR_BASE_960H,greedy_ctc_collapse
1919-142785-0003,clipping,severe,THE,matched,0.9998,True,WAV2VEC2_ASR_BASE_960H,greedy_ctc_collapse
1919-142785-0003,clipping,severe,BLACK,matched,0.95098,True,WAV2VEC2_ASR_BASE_960H,greedy_ctc_collapse
1919-142785-0003,clipping,severe,BUT,matched,0.998967,True,WAV2VEC2_ASR_BASE_960H,greedy_ctc_collapse
1919-142785-0003,clipping,severe,ITS,matched,0.991933,True,WAV2VEC2_ASR_BASE_960H,greedy_ctc_collapse
1919-142785-0003,clipping,severe,OIL,matched,1.0,True,WAV2VEC2_ASR_BASE_960H,greedy_ctc_collapse
1919-142785-0003,clipping,severe,IS,matched,0.9997,True,WAV2VEC2_ASR_BASE_960H,greedy_ctc_collapse
1919-142785-0003,clipping,severe,MORE,matched,0.999875,True,WAV2VEC2_ASR_BASE_960H,greedy_ctc_collapse
1919-142785-0003,clipping,severe,PUNGENT,matched,0.999886,True,WAV2VEC2_ASR_BASE_960H,greedy_ctc_collapse
1919-142785-0003,bandwidth,mild,THE,matched,0.999267,True,WAV2VEC2_ASR_BASE_960H,greedy_ctc_collapse
1919-142785-0003,bandwidth,mild,LONG,matched,1.0,True,WAV2VEC2_ASR_BASE_960H,greedy_ctc_collapse
1919-142785-0003,bandwidth,mild,PEPPER,matched,0.999867,True,WAV2VEC2_ASR_BASE_960H,greedy_ctc_collapse
1919-142785-0003,bandwidth,mild,IS,matched,0.99995,True,WAV2VEC2_ASR_BASE_960H,greedy_ctc_collapse
1919-142785-0003,bandwidth,mild,LESS,matched,0.971075,True,WAV2VEC2_ASR_BASE_960H,greedy_ctc_collapse
1919-142785-0003,bandwidth,mild,AROMATIC,matched,0.999525,True,WAV2VEC2_ASR_BASE_960H,greedy_ctc_collapse
1919-142785-0003,bandwidth,mild,THAN,matched,0.99975,True,WAV2VEC2_ASR_BASE_960H,greedy_ctc_collapse
1919-142785-0003,bandwidth,mild,THE,matched,0.999867,True,WAV2VEC2_ASR_BASE_960H,greedy_ctc_collapse
1919-142785-0003,bandwidth,mild,BLACK,matched,0.99854,True,WAV2VEC2_ASR_BASE_960H,greedy_ctc_collapse
1919-142785-0003,bandwidth,mild,BUT,matched,0.9986,True,WAV2VEC2_ASR_BASE_960H,greedy_ctc_collapse
1919-142785-0003,bandwidth,mild,ITS,matched,0.9984,True,WAV2VEC2_ASR_BASE_960H,greedy_ctc_collapse
1919-142785-0003,bandwidth,mild,OIL,matched,0.838633,True,WAV2VEC2_ASR_BASE_960H,greedy_ctc_collapse
1919-142785-0003,bandwidth,mild,IS,matched,0.9999,True,WAV2VEC2_ASR_BASE_960H,greedy_ctc_collapse
1919-142785-0003,bandwidth,mild,MORE,matched,1.0,True,WAV2VEC2_ASR_BASE_960H,greedy_ctc_collapse
1919-142785-0003,bandwidth,mild,PUNGENT,matched,0.947171,True,WAV2VEC2_ASR_BASE_960H,greedy_ctc_collapse
1919-142785-0003,bandwidth,medium,THE,matched,0.999067,True,WAV2VEC2_ASR_BASE_960H,greedy_ctc_collapse
1919-142785-0003,bandwidth,medium,LONG,matched,0.99985,True,WAV2VEC2_ASR_BASE_960H,greedy_ctc_collapse
1919-142785-0003,bandwidth,medium,PEPPER,matched,1.0,True,WAV2VEC2_ASR_BASE_960H,greedy_ctc_collapse
1919-142785-0003,bandwidth,medium,IS,matched,1.0,True,WAV2VEC2_ASR_BASE_960H,greedy_ctc_collapse
1919-142785-0003,bandwidth,medium,LESS,matched,0.99985,True,WAV2VEC2_ASR_BASE_960H,greedy_ctc_collapse
1919-142785-0003,bandwidth,medium,AROMATIC,matched,0.9992,True,WAV2VEC2_ASR_BASE_960H,greedy_ctc_collapse
1919-142785-0003,bandwidth,medium,THAN,matched,0.99985,True,WAV2VEC2_ASR_BASE_960H,greedy_ctc_collapse
1919-142785-0003,bandwidth,medium,THE,matched,0.999967,True,WAV2VEC2_ASR_BASE_960H,greedy_ctc_collapse
1919-142785-0003,bandwidth,medium,BLACK,matched,0.95638,True,WAV2VEC2_ASR_BASE_960H,greedy_ctc_collapse
1919-142785-0003,bandwidth,medium,BUT,matched,0.9998,True,WAV2VEC2_ASR_BASE_960H,greedy_ctc_collapse
1919-142785-0003,bandwidth,medium,ITS,matched,0.9986,True,WAV2VEC2_ASR_BASE_960H,greedy_ctc_collapse
1919-142785-0003,bandwidth,medium,OIL,matched,1.0,True,WAV2VEC2_ASR_BASE_960H,greedy_ctc_collapse
1919-142785-0003,bandwidth,medium,IS,matched,0.9999,True,WAV2VEC2_ASR_BASE_960H,greedy_ctc_collapse
1919-142785-0003,bandwidth,medium,MORE,matched,1.0,True,WAV2VEC2_ASR_BASE_960H,greedy_ctc_collapse
1919-142785-0003,bandwidth,medium,PUNGENT,matched,0.999829,True,WAV2VEC2_ASR_BASE_960H,greedy_ctc_collapse
1919-142785-0003,bandwidth,severe,THE,matched,0.911133,True,WAV2VEC2_ASR_BASE_960H,greedy_ctc_collapse
1919-142785-0003,bandwidth,severe,LONG,matched,0.9999,True,WAV2VEC2_ASR_BASE_960H,greedy_ctc_collapse
1919-142785-0003,bandwidth,severe,PEPPER,matched,0.939683,True,WAV2VEC2_ASR_BASE_960H,greedy_ctc_collapse
1919-142785-0003,bandwidth,severe,IS,matched,0.99985,True,WAV2VEC2_ASR_BASE_960H,greedy_ctc_collapse
1919-142785-0003,bandwidth,severe,LESS,matched,0.9978,True,WAV2VEC2_ASR_BASE_960H,greedy_ctc_collapse
1919-142785-0003,bandwidth,severe,AROMATIC,matched,0.998088,True,WAV2VEC2_ASR_BASE_960H,greedy_ctc_collapse
1919-142785-0003,bandwidth,severe,THAN,matched,0.9985,True,WAV2VEC2_ASR_BASE_960H,greedy_ctc_collapse
1919-142785-0003,bandwidth,severe,THE,matched,0.999867,True,WAV2VEC2_ASR_BASE_960H,greedy_ctc_collapse
1919-142785-0003,bandwidth,severe,BLACK,matched,0.99996,True,WAV2VEC2_ASR_BASE_960H,greedy_ctc_collapse
1919-142785-0003,bandwidth,severe,BUT,matched,0.967933,True,WAV2VEC2_ASR_BASE_960H,greedy_ctc_collapse
1919-142785-0003,bandwidth,severe,ITS,matched,0.8316,True,WAV2VEC2_ASR_BASE_960H,greedy_ctc_collapse
1919-142785-0003,bandwidth,severe,OIL,matched,1.0,True,WAV2VEC2_ASR_BASE_960H,greedy_ctc_collapse
1919-142785-0003,bandwidth,severe,IS,matched,0.9982,True,WAV2VEC2_ASR_BASE_960H,greedy_ctc_collapse
1919-142785-0003,bandwidth,severe,MORE,matched,1.0,True,WAV2VEC2_ASR_BASE_960H,greedy_ctc_collapse
1919-142785-0003,bandwidth,severe,PUNGENT,matched,0.917886,True,WAV2VEC2_ASR_BASE_960H,greedy_ctc_collapse
1919-142785-0003,dropout,mild,THE,matched,0.994933,True,WAV2VEC2_ASR_BASE_960H,greedy_ctc_collapse
1919-142785-0003,dropout,mild,LONG,matched,0.999925,True,WAV2VEC2_ASR_BASE_960H,greedy_ctc_collapse
1919-142785-0003,dropout,mild,PEPPER,matched,1.0,True,WAV2VEC2_ASR_BASE_960H,greedy_ctc_collapse
1919-142785-0003,dropout,mild,IS,matched,1.0,True,WAV2VEC2_ASR_BASE_960H,greedy_ctc_collapse
1919-142785-0003,dropout,mild,LESS,matched,0.7918,True,WAV2VEC2_ASR_BASE_960H,greedy_ctc_collapse
1919-142785-0003,dropout,mild,AROMATIC,matched,0.995413,True,WAV2VEC2_ASR_BASE_960H,greedy_ctc_collapse
1919-142785-0003,dropout,mild,THAN,matched,0.999725,True,WAV2VEC2_ASR_BASE_960H,greedy_ctc_collapse
1919-142785-0003,dropout,mild,THE,matched,0.999867,True,WAV2VEC2_ASR_BASE_960H,greedy_ctc_collapse
1919-142785-0003,dropout,mild,BLACK,matched,0.96514,True,WAV2VEC2_ASR_BASE_960H,greedy_ctc_collapse
1919-142785-0003,dropout,mild,BUT,matched,0.956733,True,WAV2VEC2_ASR_BASE_960H,greedy_ctc_collapse
1919-142785-0003,dropout,mild,ITS,matched,0.9651,True,WAV2VEC2_ASR_BASE_960H,greedy_ctc_collapse
1919-142785-0003,dropout,mild,OIL,matched,0.919,True,WAV2VEC2_ASR_BASE_960H,greedy_ctc_collapse
1919-142785-0003,dropout,mild,IS,matched,0.99985,True,WAV2VEC2_ASR_BASE_960H,greedy_ctc_collapse
1919-142785-0003,dropout,mild,MORE,matched,0.999975,True,WAV2VEC2_ASR_BASE_960H,greedy_ctc_collapse
1919-142785-0003,dropout,mild,PUNGENT,matched,0.999443,True,WAV2VEC2_ASR_BASE_960H,greedy_ctc_collapse
1919-142785-0003,dropout,medium,THE,matched,0.926033,True,WAV2VEC2_ASR_BASE_960H,greedy_ctc_collapse
1919-142785-0003,dropout,medium,LONG,matched,0.992775,True,WAV2VEC2_ASR_BASE_960H,greedy_ctc_collapse
1919-142785-0003,dropout,medium,PEPPER,matched,1.0,True,WAV2VEC2_ASR_BASE_960H,greedy_ctc_collapse
1919-142785-0003,dropout,medium,IS,matched,1.0,True,WAV2VEC2_ASR_BASE_960H,greedy_ctc_collapse
1919-142785-0003,dropout,medium,LESS,matched,0.9975,True,WAV2VEC2_ASR_BASE_960H,greedy_ctc_collapse
1919-142785-0003,dropout,medium,AROMATIC,matched,0.995637,True,WAV2VEC2_ASR_BASE_960H,greedy_ctc_collapse
1919-142785-0003,dropout,medium,THAN,matched,0.999775,True,WAV2VEC2_ASR_BASE_960H,greedy_ctc_collapse
1919-142785-0003,dropout,medium,THE,matched,0.9999,True,WAV2VEC2_ASR_BASE_960H,greedy_ctc_collapse
1919-142785-0003,dropout,medium,BLACK,matched,0.94292,True,WAV2VEC2_ASR_BASE_960H,greedy_ctc_collapse
1919-142785-0003,dropout,medium,BUT,matched,0.995733,True,WAV2VEC2_ASR_BASE_960H,greedy_ctc_collapse
1919-142785-0003,dropout,medium,ITS,matched,0.9683,True,WAV2VEC2_ASR_BASE_960H,greedy_ctc_collapse
1919-142785-0003,dropout,medium,OIL,matched,1.0,True,WAV2VEC2_ASR_BASE_960H,greedy_ctc_collapse
1919-142785-0003,dropout,medium,IS,matched,0.9999,True,WAV2VEC2_ASR_BASE_960H,greedy_ctc_collapse
1919-142785-0003,dropout,medium,MORE,matched,0.999975,True,WAV2VEC2_ASR_BASE_960H,greedy_ctc_collapse
1919-142785-0003,dropout,medium,PUNGENT,matched,0.999886,True,WAV2VEC2_ASR_BASE_960H,greedy_ctc_collapse
1919-142785-0003,dropout,severe,THE,matched,0.962367,True,WAV2VEC2_ASR_BASE_960H,greedy_ctc_collapse
1919-142785-0003,dropout,severe,LONG,matched,0.647267,False,WAV2VEC2_ASR_BASE_960H,greedy_ctc_collapse
1919-142785-0003,dropout,severe,PEPPER,matched,0.999933,True,WAV2VEC2_ASR_BASE_960H,greedy_ctc_collapse
1919-142785-0003,dropout,severe,IS,matched,0.9999,True,WAV2VEC2_ASR_BASE_960H,greedy_ctc_collapse
1919-142785-0003,dropout,severe,LESS,matched,0.989775,True,WAV2VEC2_ASR_BASE_960H,greedy_ctc_collapse
1919-142785-0003,dropout,severe,AROMATIC,matched,0.969213,True,WAV2VEC2_ASR_BASE_960H,greedy_ctc_collapse
1919-142785-0003,dropout,severe,THAN,matched,0.999275,True,WAV2VEC2_ASR_BASE_960H,greedy_ctc_collapse
1919-142785-0003,dropout,severe,THE,matched,0.999067,True,WAV2VEC2_ASR_BASE_960H,greedy_ctc_collapse
1919-142785-0003,dropout,severe,BLACK,matched,0.99994,True,WAV2VEC2_ASR_BASE_960H,greedy_ctc_collapse
1919-142785-0003,dropout,severe,BUT,matched,0.993967,True,WAV2VEC2_ASR_BASE_960H,greedy_ctc_collapse
1919-142785-0003,dropout,severe,ITS,matched,0.7052,True,WAV2VEC2_ASR_BASE_960H,greedy_ctc_collapse
1919-142785-0003,dropout,severe,OIL,matched,0.9998,True,WAV2VEC2_ASR_BASE_960H,greedy_ctc_collapse
1919-142785-0003,dropout,severe,IS,matched,0.99665,True,WAV2VEC2_ASR_BASE_960H,greedy_ctc_collapse
1919-142785-0003,dropout,severe,MORE,matched,0.710125,True,WAV2VEC2_ASR_BASE_960H,greedy_ctc_collapse
1919-142785-0003,dropout,severe,PUNGENT,matched,0.999429,True,WAV2VEC2_ASR_BASE_960H,greedy_ctc_collapse
1919-142785-0003,reverberation,mild,THE,matched,0.9972,True,WAV2VEC2_ASR_BASE_960H,greedy_ctc_collapse
1919-142785-0003,reverberation,mild,LONG,matched,0.999675,True,WAV2VEC2_ASR_BASE_960H,greedy_ctc_collapse
1919-142785-0003,reverberation,mild,PEPPER,matched,0.9999,True,WAV2VEC2_ASR_BASE_960H,greedy_ctc_collapse
1919-142785-0003,reverberation,mild,IS,matched,0.9999,True,WAV2VEC2_ASR_BASE_960H,greedy_ctc_collapse
1919-142785-0003,reverberation,mild,LESS,matched,0.999975,True,WAV2VEC2_ASR_BASE_960H,greedy_ctc_collapse
1919-142785-0003,reverberation,mild,AROMATIC,matched,0.99775,True,WAV2VEC2_ASR_BASE_960H,greedy_ctc_collapse
1919-142785-0003,reverberation,mild,THAN,matched,0.885525,True,WAV2VEC2_ASR_BASE_960H,greedy_ctc_collapse
1919-142785-0003,reverberation,mild,THE,matched,0.9989,True,WAV2VEC2_ASR_BASE_960H,greedy_ctc_collapse
1919-142785-0003,reverberation,mild,BLACK,matched,0.99984,True,WAV2VEC2_ASR_BASE_960H,greedy_ctc_collapse
1919-142785-0003,reverberation,mild,BUT,matched,0.998433,True,WAV2VEC2_ASR_BASE_960H,greedy_ctc_collapse
1919-142785-0003,reverberation,mild,ITS,matched,0.9944,True,WAV2VEC2_ASR_BASE_960H,greedy_ctc_collapse
1919-142785-0003,reverberation,mild,OIL,matched,0.9984,True,WAV2VEC2_ASR_BASE_960H,greedy_ctc_collapse
1919-142785-0003,reverberation,mild,IS,matched,0.9991,True,WAV2VEC2_ASR_BASE_960H,greedy_ctc_collapse
1919-142785-0003,reverberation,mild,MORE,matched,0.999025,True,WAV2VEC2_ASR_BASE_960H,greedy_ctc_collapse
1919-142785-0003,reverberation,mild,PUNGENT,matched,0.999671,True,WAV2VEC2_ASR_BASE_960H,greedy_ctc_collapse
1919-142785-0003,reverberation,medium,THE,matched,0.996733,True,WAV2VEC2_ASR_BASE_960H,greedy_ctc_collapse
1919-142785-0003,reverberation,medium,LONG,matched,0.9128,False,WAV2VEC2_ASR_BASE_960H,greedy_ctc_collapse
1919-142785-0003,reverberation,medium,PEPPER,matched,0.9303,True,WAV2VEC2_ASR_BASE_960H,greedy_ctc_collapse
1919-142785-0003,reverberation,medium,IS,matched,0.99985,True,WAV2VEC2_ASR_BASE_960H,greedy_ctc_collapse
1919-142785-0003,reverberation,medium,LESS,matched,0.999675,True,WAV2VEC2_ASR_BASE_960H,greedy_ctc_collapse
1919-142785-0003,reverberation,medium,AROMATIC,matched,0.977413,True,WAV2VEC2_ASR_BASE_960H,greedy_ctc_collapse
1919-142785-0003,reverberation,medium,THAN,matched,0.998725,True,WAV2VEC2_ASR_BASE_960H,greedy_ctc_collapse
1919-142785-0003,reverberation,medium,THE,matched,0.9993,True,WAV2VEC2_ASR_BASE_960H,greedy_ctc_collapse
1919-142785-0003,reverberation,medium,BLACK,matched,0.96704,True,WAV2VEC2_ASR_BASE_960H,greedy_ctc_collapse
1919-142785-0003,reverberation,medium,BUT,matched,0.9786,True,WAV2VEC2_ASR_BASE_960H,greedy_ctc_collapse
1919-142785-0003,reverberation,medium,ITS,matched,0.951733,True,WAV2VEC2_ASR_BASE_960H,greedy_ctc_collapse
1919-142785-0003,reverberation,medium,OIL,matched,0.9788,True,WAV2VEC2_ASR_BASE_960H,greedy_ctc_collapse
1919-142785-0003,reverberation,medium,IS,matched,0.9974,True,WAV2VEC2_ASR_BASE_960H,greedy_ctc_collapse
1919-142785-0003,reverberation,medium,MORE,matched,0.991625,True,WAV2VEC2_ASR_BASE_960H,greedy_ctc_collapse
1919-142785-0003,reverberation,medium,PUNGENT,matched,0.984129,True,WAV2VEC2_ASR_BASE_960H,greedy_ctc_collapse
1919-142785-0003,reverberation,severe,THE,matched,0.9818,True,WAV2VEC2_ASR_BASE_960H,greedy_ctc_collapse
1919-142785-0003,reverberation,severe,LONG,matched,0.4526,False,WAV2VEC2_ASR_BASE_960H,greedy_ctc_collapse
1919-142785-0003,reverberation,severe,PEPPER,matched,0.6901,False,WAV2VEC2_ASR_BASE_960H,greedy_ctc_collapse
1919-142785-0003,reverberation,severe,IS,matched,0.9998,True,WAV2VEC2_ASR_BASE_960H,greedy_ctc_collapse
1919-142785-0003,reverberation,severe,LESS,matched,0.91545,True,WAV2VEC2_ASR_BASE_960H,greedy_ctc_collapse
1919-142785-0003,reverberation,severe,AROMATIC,matched,0.933288,False,WAV2VEC2_ASR_BASE_960H,greedy_ctc_collapse
1919-142785-0003,reverberation,severe,THAN,matched,0.996225,True,WAV2VEC2_ASR_BASE_960H,greedy_ctc_collapse
1919-142785-0003,reverberation,severe,THE,matched,0.9379,True,WAV2VEC2_ASR_BASE_960H,greedy_ctc_collapse
1919-142785-0003,reverberation,severe,BLACK,matched,0.9409,True,WAV2VEC2_ASR_BASE_960H,greedy_ctc_collapse
1919-142785-0003,reverberation,severe,BUT,matched,0.972967,True,WAV2VEC2_ASR_BASE_960H,greedy_ctc_collapse
1919-142785-0003,reverberation,severe,ITS,matched,0.9195,False,WAV2VEC2_ASR_BASE_960H,greedy_ctc_collapse
1919-142785-0003,reverberation,severe,OIL,matched,0.807875,False,WAV2VEC2_ASR_BASE_960H,greedy_ctc_collapse
1919-142785-0003,reverberation,severe,IS,matched,0.97995,True,WAV2VEC2_ASR_BASE_960H,greedy_ctc_collapse
1919-142785-0003,reverberation,severe,MORE,matched,0.985825,True,WAV2VEC2_ASR_BASE_960H,greedy_ctc_collapse
1919-142785-0003,reverberation,severe,PUNGENT,matched,0.671929,False,WAV2VEC2_ASR_BASE_960H,greedy_ctc_collapse
1919-142785-0004,clean,none,THEN,matched,1.0,True,WAV2VEC2_ASR_BASE_960H,greedy_ctc_collapse
1919-142785-0004,clean,none,ADD,matched,0.999967,True,WAV2VEC2_ASR_BASE_960H,greedy_ctc_collapse
1919-142785-0004,clean,none,THE,matched,0.999767,True,WAV2VEC2_ASR_BASE_960H,greedy_ctc_collapse
1919-142785-0004,clean,none,YOLKS,matched,0.99804,True,WAV2VEC2_ASR_BASE_960H,greedy_ctc_collapse
1919-142785-0004,clean,none,OF,matched,0.99995,True,WAV2VEC2_ASR_BASE_960H,greedy_ctc_collapse
1919-142785-0004,clean,none,THE,matched,0.999867,True,WAV2VEC2_ASR_BASE_960H,greedy_ctc_collapse
1919-142785-0004,clean,none,EGGS,matched,0.999425,True,WAV2VEC2_ASR_BASE_960H,greedy_ctc_collapse
1919-142785-0004,clean,none,WELL,matched,1.0,True,WAV2VEC2_ASR_BASE_960H,greedy_ctc_collapse
1919-142785-0004,clean,none,BEATEN,matched,0.999717,True,WAV2VEC2_ASR_BASE_960H,greedy_ctc_collapse
1919-142785-0004,clean,none,STIR,matched,0.993425,True,WAV2VEC2_ASR_BASE_960H,greedy_ctc_collapse
1919-142785-0004,clean,none,THEM,matched,0.86405,True,WAV2VEC2_ASR_BASE_960H,greedy_ctc_collapse
1919-142785-0004,clean,none,TO,matched,0.99985,True,WAV2VEC2_ASR_BASE_960H,greedy_ctc_collapse
1919-142785-0004,clean,none,THE,matched,0.997333,True,WAV2VEC2_ASR_BASE_960H,greedy_ctc_collapse
1919-142785-0004,clean,none,SAUCE,matched,0.99998,True,WAV2VEC2_ASR_BASE_960H,greedy_ctc_collapse
1919-142785-0004,clean,none,BUT,matched,0.9991,True,WAV2VEC2_ASR_BASE_960H,greedy_ctc_collapse
1919-142785-0004,clean,none,DO,matched,0.99995,True,WAV2VEC2_ASR_BASE_960H,greedy_ctc_collapse
1919-142785-0004,clean,none,NOT,matched,0.971933,True,WAV2VEC2_ASR_BASE_960H,greedy_ctc_collapse
1919-142785-0004,clean,none,ALLOW,matched,0.99998,True,WAV2VEC2_ASR_BASE_960H,greedy_ctc_collapse
1919-142785-0004,clean,none,IT,matched,0.9999,True,WAV2VEC2_ASR_BASE_960H,greedy_ctc_collapse
1919-142785-0004,clean,none,TO,matched,0.96985,True,WAV2VEC2_ASR_BASE_960H,greedy_ctc_collapse
1919-142785-0004,clean,none,BOIL,matched,0.99855,True,WAV2VEC2_ASR_BASE_960H,greedy_ctc_collapse
1919-142785-0004,clean,none,AND,matched,0.999833,True,WAV2VEC2_ASR_BASE_960H,greedy_ctc_collapse
1919-142785-0004,clean,none,SERVE,matched,0.99616,True,WAV2VEC2_ASR_BASE_960H,greedy_ctc_collapse
1919-142785-0004,clean,none,VERY,matched,0.999425,True,WAV2VEC2_ASR_BASE_960H,greedy_ctc_collapse
1919-142785-0004,clean,none,HOT,matched,1.0,True,WAV2VEC2_ASR_BASE_960H,greedy_ctc_collapse
1919-142785-0004,additive_noise,mild,THEN,matched,0.996375,True,WAV2VEC2_ASR_BASE_960H,greedy_ctc_collapse
1919-142785-0004,additive_noise,mild,ADD,matched,0.999933,True,WAV2VEC2_ASR_BASE_960H,greedy_ctc_collapse
1919-142785-0004,additive_noise,mild,THE,matched,0.999933,True,WAV2VEC2_ASR_BASE_960H,greedy_ctc_collapse
1919-142785-0004,additive_noise,mild,YOLKS,matched,0.9945,True,WAV2VEC2_ASR_BASE_960H,greedy_ctc_collapse
1919-142785-0004,additive_noise,mild,OF,matched,0.9999,True,WAV2VEC2_ASR_BASE_960H,greedy_ctc_collapse
1919-142785-0004,additive_noise,mild,THE,matched,0.999633,True,WAV2VEC2_ASR_BASE_960H,greedy_ctc_collapse
1919-142785-0004,additive_noise,mild,EGGS,matched,0.99985,True,WAV2VEC2_ASR_BASE_960H,greedy_ctc_collapse
1919-142785-0004,additive_noise,mild,WELL,matched,0.9261,True,WAV2VEC2_ASR_BASE_960H,greedy_ctc_collapse
1919-142785-0004,additive_noise,mild,BEATEN,matched,0.999867,True,WAV2VEC2_ASR_BASE_960H,greedy_ctc_collapse
1919-142785-0004,additive_noise,mild,STIR,matched,0.995475,True,WAV2VEC2_ASR_BASE_960H,greedy_ctc_collapse
1919-142785-0004,additive_noise,mild,THEM,matched,0.99995,True,WAV2VEC2_ASR_BASE_960H,greedy_ctc_collapse
1919-142785-0004,additive_noise,mild,TO,matched,0.9988,True,WAV2VEC2_ASR_BASE_960H,greedy_ctc_collapse
1919-142785-0004,additive_noise,mild,THE,matched,0.9983,True,WAV2VEC2_ASR_BASE_960H,greedy_ctc_collapse
1919-142785-0004,additive_noise,mild,SAUCE,matched,0.99994,True,WAV2VEC2_ASR_BASE_960H,greedy_ctc_collapse
1919-142785-0004,additive_noise,mild,BUT,matched,0.9955,True,WAV2VEC2_ASR_BASE_960H,greedy_ctc_collapse
1919-142785-0004,additive_noise,mild,DO,matched,0.9999,True,WAV2VEC2_ASR_BASE_960H,greedy_ctc_collapse
1919-142785-0004,additive_noise,mild,NOT,matched,0.999967,True,WAV2VEC2_ASR_BASE_960H,greedy_ctc_collapse
1919-142785-0004,additive_noise,mild,ALLOW,matched,1.0,True,WAV2VEC2_ASR_BASE_960H,greedy_ctc_collapse
1919-142785-0004,additive_noise,mild,IT,matched,0.9998,True,WAV2VEC2_ASR_BASE_960H,greedy_ctc_collapse
1919-142785-0004,additive_noise,mild,TO,matched,0.97755,True,WAV2VEC2_ASR_BASE_960H,greedy_ctc_collapse
1919-142785-0004,additive_noise,mild,BOIL,matched,0.998375,True,WAV2VEC2_ASR_BASE_960H,greedy_ctc_collapse
1919-142785-0004,additive_noise,mild,AND,matched,0.999967,True,WAV2VEC2_ASR_BASE_960H,greedy_ctc_collapse
1919-142785-0004,additive_noise,mild,SERVE,matched,0.98398,True,WAV2VEC2_ASR_BASE_960H,greedy_ctc_collapse
1919-142785-0004,additive_noise,mild,VERY,matched,0.993875,True,WAV2VEC2_ASR_BASE_960H,greedy_ctc_collapse
1919-142785-0004,additive_noise,mild,HOT,matched,0.986467,True,WAV2VEC2_ASR_BASE_960H,greedy_ctc_collapse
1919-142785-0004,additive_noise,medium,THEN,matched,0.999975,True,WAV2VEC2_ASR_BASE_960H,greedy_ctc_collapse
1919-142785-0004,additive_noise,medium,ADD,matched,0.9999,True,WAV2VEC2_ASR_BASE_960H,greedy_ctc_collapse
1919-142785-0004,additive_noise,medium,THE,matched,0.999933,True,WAV2VEC2_ASR_BASE_960H,greedy_ctc_collapse
1919-142785-0004,additive_noise,medium,YOLKS,matched,0.99508,True,WAV2VEC2_ASR_BASE_960H,greedy_ctc_collapse
1919-142785-0004,additive_noise,medium,OF,matched,0.99965,True,WAV2VEC2_ASR_BASE_960H,greedy_ctc_collapse
1919-142785-0004,additive_noise,medium,THE,matched,0.999667,True,WAV2VEC2_ASR_BASE_960H,greedy_ctc_collapse
1919-142785-0004,additive_noise,medium,EGGS,matched,0.91735,True,WAV2VEC2_ASR_BASE_960H,greedy_ctc_collapse
1919-142785-0004,additive_noise,medium,WELL,matched,0.999925,True,WAV2VEC2_ASR_BASE_960H,greedy_ctc_collapse
1919-142785-0004,additive_noise,medium,BEATEN,matched,0.998583,True,WAV2VEC2_ASR_BASE_960H,greedy_ctc_collapse
1919-142785-0004,additive_noise,medium,STIR,matched,0.983425,True,WAV2VEC2_ASR_BASE_960H,greedy_ctc_collapse
1919-142785-0004,additive_noise,medium,THEM,matched,0.99995,True,WAV2VEC2_ASR_BASE_960H,greedy_ctc_collapse
1919-142785-0004,additive_noise,medium,TO,matched,0.9998,True,WAV2VEC2_ASR_BASE_960H,greedy_ctc_collapse
1919-142785-0004,additive_noise,medium,THE,matched,0.9983,True,WAV2VEC2_ASR_BASE_960H,greedy_ctc_collapse
1919-142785-0004,additive_noise,medium,SAUCE,matched,0.9993,True,WAV2VEC2_ASR_BASE_960H,greedy_ctc_collapse
1919-142785-0004,additive_noise,medium,BUT,matched,0.999333,True,WAV2VEC2_ASR_BASE_960H,greedy_ctc_collapse
1919-142785-0004,additive_noise,medium,DO,matched,0.99985,True,WAV2VEC2_ASR_BASE_960H,greedy_ctc_collapse
1919-142785-0004,additive_noise,medium,NOT,matched,0.999933,True,WAV2VEC2_ASR_BASE_960H,greedy_ctc_collapse
1919-142785-0004,additive_noise,medium,ALLOW,matched,0.96588,True,WAV2VEC2_ASR_BASE_960H,greedy_ctc_collapse
1919-142785-0004,additive_noise,medium,IT,matched,0.99955,True,WAV2VEC2_ASR_BASE_960H,greedy_ctc_collapse
1919-142785-0004,additive_noise,medium,TO,matched,0.67675,True,WAV2VEC2_ASR_BASE_960H,greedy_ctc_collapse
1919-142785-0004,additive_noise,medium,BOIL,matched,0.895275,True,WAV2VEC2_ASR_BASE_960H,greedy_ctc_collapse
1919-142785-0004,additive_noise,medium,AND,matched,0.9988,True,WAV2VEC2_ASR_BASE_960H,greedy_ctc_collapse
1919-142785-0004,additive_noise,medium,SERVE,matched,0.9987,True,WAV2VEC2_ASR_BASE_960H,greedy_ctc_collapse
1919-142785-0004,additive_noise,medium,VERY,matched,0.999875,True,WAV2VEC2_ASR_BASE_960H,greedy_ctc_collapse
1919-142785-0004,additive_noise,medium,HOT,matched,0.9017,True,WAV2VEC2_ASR_BASE_960H,greedy_ctc_collapse
1919-142785-0004,additive_noise,severe,THEN,matched,0.996925,True,WAV2VEC2_ASR_BASE_960H,greedy_ctc_collapse
1919-142785-0004,additive_noise,severe,ADD,deleted,,,WAV2VEC2_ASR_BASE_960H,greedy_ctc_collapse
1919-142785-0004,additive_noise,severe,THE,matched,0.9093,False,WAV2VEC2_ASR_BASE_960H,greedy_ctc_collapse
1919-142785-0004,additive_noise,severe,YOLKS,matched,0.4148,False,WAV2VEC2_ASR_BASE_960H,greedy_ctc_collapse
1919-142785-0004,additive_noise,severe,OF,matched,0.793925,False,WAV2VEC2_ASR_BASE_960H,greedy_ctc_collapse
1919-142785-0004,additive_noise,severe,THE,matched,0.727467,True,WAV2VEC2_ASR_BASE_960H,greedy_ctc_collapse
1919-142785-0004,additive_noise,severe,EGGS,deleted,,,WAV2VEC2_ASR_BASE_960H,greedy_ctc_collapse
1919-142785-0004,additive_noise,severe,WELL,deleted,,,WAV2VEC2_ASR_BASE_960H,greedy_ctc_collapse
1919-142785-0004,additive_noise,severe,BEATEN,matched,0.64215,False,WAV2VEC2_ASR_BASE_960H,greedy_ctc_collapse
1919-142785-0004,additive_noise,severe,STIR,matched,0.4661,False,WAV2VEC2_ASR_BASE_960H,greedy_ctc_collapse
1919-142785-0004,additive_noise,severe,THEM,matched,0.895825,True,WAV2VEC2_ASR_BASE_960H,greedy_ctc_collapse
1919-142785-0004,additive_noise,severe,TO,deleted,,,WAV2VEC2_ASR_BASE_960H,greedy_ctc_collapse
1919-142785-0004,additive_noise,severe,THE,matched,0.5165,True,WAV2VEC2_ASR_BASE_960H,greedy_ctc_collapse
1919-142785-0004,additive_noise,severe,SAUCE,matched,0.564033,False,WAV2VEC2_ASR_BASE_960H,greedy_ctc_collapse
1919-142785-0004,additive_noise,severe,BUT,matched,0.987867,True,WAV2VEC2_ASR_BASE_960H,greedy_ctc_collapse
1919-142785-0004,additive_noise,severe,DO,matched,0.9275,True,WAV2VEC2_ASR_BASE_960H,greedy_ctc_collapse
1919-142785-0004,additive_noise,severe,NOT,matched,0.998667,True,WAV2VEC2_ASR_BASE_960H,greedy_ctc_collapse
1919-142785-0004,additive_noise,severe,ALLOW,matched,0.99532,True,WAV2VEC2_ASR_BASE_960H,greedy_ctc_collapse
1919-142785-0004,additive_noise,severe,IT,deleted,,,WAV2VEC2_ASR_BASE_960H,greedy_ctc_collapse
1919-142785-0004,additive_noise,severe,TO,deleted,,,WAV2VEC2_ASR_BASE_960H,greedy_ctc_collapse
1919-142785-0004,additive_noise,severe,BOIL,matched,0.337833,False,WAV2VEC2_ASR_BASE_960H,greedy_ctc_collapse
1919-142785-0004,additive_noise,severe,AND,matched,0.7389,True,WAV2VEC2_ASR_BASE_960H,greedy_ctc_collapse
1919-142785-0004,additive_noise,severe,SERVE,matched,0.536467,False,WAV2VEC2_ASR_BASE_960H,greedy_ctc_collapse
1919-142785-0004,additive_noise,severe,VERY,matched,0.949225,True,WAV2VEC2_ASR_BASE_960H,greedy_ctc_collapse
1919-142785-0004,additive_noise,severe,HOT,matched,0.810367,True,WAV2VEC2_ASR_BASE_960H,greedy_ctc_collapse
1919-142785-0004,clipping,mild,THEN,matched,1.0,True,WAV2VEC2_ASR_BASE_960H,greedy_ctc_collapse
1919-142785-0004,clipping,mild,ADD,matched,0.999967,True,WAV2VEC2_ASR_BASE_960H,greedy_ctc_collapse
1919-142785-0004,clipping,mild,THE,matched,0.999767,True,WAV2VEC2_ASR_BASE_960H,greedy_ctc_collapse
1919-142785-0004,clipping,mild,YOLKS,matched,0.99804,True,WAV2VEC2_ASR_BASE_960H,greedy_ctc_collapse
1919-142785-0004,clipping,mild,OF,matched,0.99995,True,WAV2VEC2_ASR_BASE_960H,greedy_ctc_collapse
1919-142785-0004,clipping,mild,THE,matched,0.999867,True,WAV2VEC2_ASR_BASE_960H,greedy_ctc_collapse
1919-142785-0004,clipping,mild,EGGS,matched,0.999425,True,WAV2VEC2_ASR_BASE_960H,greedy_ctc_collapse
1919-142785-0004,clipping,mild,WELL,matched,1.0,True,WAV2VEC2_ASR_BASE_960H,greedy_ctc_collapse
1919-142785-0004,clipping,mild,BEATEN,matched,0.999717,True,WAV2VEC2_ASR_BASE_960H,greedy_ctc_collapse
1919-142785-0004,clipping,mild,STIR,matched,0.99345,True,WAV2VEC2_ASR_BASE_960H,greedy_ctc_collapse
1919-142785-0004,clipping,mild,THEM,matched,0.864,True,WAV2VEC2_ASR_BASE_960H,greedy_ctc_collapse
1919-142785-0004,clipping,mild,TO,matched,0.99985,True,WAV2VEC2_ASR_BASE_960H,greedy_ctc_collapse
1919-142785-0004,clipping,mild,THE,matched,0.997333,True,WAV2VEC2_ASR_BASE_960H,greedy_ctc_collapse
1919-142785-0004,clipping,mild,SAUCE,matched,0.99998,True,WAV2VEC2_ASR_BASE_960H,greedy_ctc_collapse
1919-142785-0004,clipping,mild,BUT,matched,0.9991,True,WAV2VEC2_ASR_BASE_960H,greedy_ctc_collapse
1919-142785-0004,clipping,mild,DO,matched,0.99995,True,WAV2VEC2_ASR_BASE_960H,greedy_ctc_collapse
1919-142785-0004,clipping,mild,NOT,matched,0.9718,True,WAV2VEC2_ASR_BASE_960H,greedy_ctc_collapse
1919-142785-0004,clipping,mild,ALLOW,matched,0.99998,True,WAV2VEC2_ASR_BASE_960H,greedy_ctc_collapse
1919-142785-0004,clipping,mild,IT,matched,0.9999,True,WAV2VEC2_ASR_BASE_960H,greedy_ctc_collapse
1919-142785-0004,clipping,mild,TO,matched,0.96985,True,WAV2VEC2_ASR_BASE_960H,greedy_ctc_collapse
1919-142785-0004,clipping,mild,BOIL,matched,0.99855,True,WAV2VEC2_ASR_BASE_960H,greedy_ctc_collapse
1919-142785-0004,clipping,mild,AND,matched,0.999833,True,WAV2VEC2_ASR_BASE_960H,greedy_ctc_collapse
1919-142785-0004,clipping,mild,SERVE,matched,0.99614,True,WAV2VEC2_ASR_BASE_960H,greedy_ctc_collapse
1919-142785-0004,clipping,mild,VERY,matched,0.9994,True,WAV2VEC2_ASR_BASE_960H,greedy_ctc_collapse
1919-142785-0004,clipping,mild,HOT,matched,1.0,True,WAV2VEC2_ASR_BASE_960H,greedy_ctc_collapse
1919-142785-0004,clipping,medium,THEN,matched,1.0,True,WAV2VEC2_ASR_BASE_960H,greedy_ctc_collapse
1919-142785-0004,clipping,medium,ADD,matched,0.999933,True,WAV2VEC2_ASR_BASE_960H,greedy_ctc_collapse
1919-142785-0004,clipping,medium,THE,matched,0.999467,True,WAV2VEC2_ASR_BASE_960H,greedy_ctc_collapse
1919-142785-0004,clipping,medium,YOLKS,matched,0.99772,True,WAV2VEC2_ASR_BASE_960H,greedy_ctc_collapse
1919-142785-0004,clipping,medium,OF,matched,0.9999,True,WAV2VEC2_ASR_BASE_960H,greedy_ctc_collapse
1919-142785-0004,clipping,medium,THE,matched,0.999867,True,WAV2VEC2_ASR_BASE_960H,greedy_ctc_collapse
1919-142785-0004,clipping,medium,EGGS,matched,0.999625,True,WAV2VEC2_ASR_BASE_960H,greedy_ctc_collapse
1919-142785-0004,clipping,medium,WELL,matched,1.0,True,WAV2VEC2_ASR_BASE_960H,greedy_ctc_collapse
1919-142785-0004,clipping,medium,BEATEN,matched,0.9997,True,WAV2VEC2_ASR_BASE_960H,greedy_ctc_collapse
1919-142785-0004,clipping,medium,STIR,matched,0.992025,True,WAV2VEC2_ASR_BASE_960H,greedy_ctc_collapse
1919-142785-0004,clipping,medium,THEM,matched,0.865775,True,WAV2VEC2_ASR_BASE_960H,greedy_ctc_collapse
1919-142785-0004,clipping,medium,TO,matched,0.99985,True,WAV2VEC2_ASR_BASE_960H,greedy_ctc_collapse
1919-142785-0004,clipping,medium,THE,matched,0.997367,True,WAV2VEC2_ASR_BASE_960H,greedy_ctc_collapse
1919-142785-0004,clipping,medium,SAUCE,matched,0.99998,True,WAV2VEC2_ASR_BASE_960H,greedy_ctc_collapse
1919-142785-0004,clipping,medium,BUT,matched,0.998767,True,WAV2VEC2_ASR_BASE_960H,greedy_ctc_collapse
1919-142785-0004,clipping,medium,DO,matched,0.9999,True,WAV2VEC2_ASR_BASE_960H,greedy_ctc_collapse
1919-142785-0004,clipping,medium,NOT,matched,0.8887,True,WAV2VEC2_ASR_BASE_960H,greedy_ctc_collapse
1919-142785-0004,clipping,medium,ALLOW,matched,0.99998,True,WAV2VEC2_ASR_BASE_960H,greedy_ctc_collapse
1919-142785-0004,clipping,medium,IT,matched,0.9999,True,WAV2VEC2_ASR_BASE_960H,greedy_ctc_collapse
1919-142785-0004,clipping,medium,TO,matched,0.969,True,WAV2VEC2_ASR_BASE_960H,greedy_ctc_collapse
1919-142785-0004,clipping,medium,BOIL,matched,0.99845,True,WAV2VEC2_ASR_BASE_960H,greedy_ctc_collapse
1919-142785-0004,clipping,medium,AND,matched,0.999833,True,WAV2VEC2_ASR_BASE_960H,greedy_ctc_collapse
1919-142785-0004,clipping,medium,SERVE,matched,0.99756,True,WAV2VEC2_ASR_BASE_960H,greedy_ctc_collapse
1919-142785-0004,clipping,medium,VERY,matched,0.99965,True,WAV2VEC2_ASR_BASE_960H,greedy_ctc_collapse
1919-142785-0004,clipping,medium,HOT,matched,1.0,True,WAV2VEC2_ASR_BASE_960H,greedy_ctc_collapse
1919-142785-0004,clipping,severe,THEN,matched,0.982925,True,WAV2VEC2_ASR_BASE_960H,greedy_ctc_collapse
1919-142785-0004,clipping,severe,ADD,matched,0.999933,True,WAV2VEC2_ASR_BASE_960H,greedy_ctc_collapse
1919-142785-0004,clipping,severe,THE,matched,0.999533,True,WAV2VEC2_ASR_BASE_960H,greedy_ctc_collapse
1919-142785-0004,clipping,severe,YOLKS,matched,0.99714,True,WAV2VEC2_ASR_BASE_960H,greedy_ctc_collapse
1919-142785-0004,clipping,severe,OF,matched,0.9999,True,WAV2VEC2_ASR_BASE_960H,greedy_ctc_collapse
1919-142785-0004,clipping,severe,THE,matched,0.999833,True,WAV2VEC2_ASR_BASE_960H,greedy_ctc_collapse
1919-142785-0004,clipping,severe,EGGS,matched,0.999775,True,WAV2VEC2_ASR_BASE_960H,greedy_ctc_collapse
1919-142785-0004,clipping,severe,WELL,matched,0.999975,True,WAV2VEC2_ASR_BASE_960H,greedy_ctc_collapse
1919-142785-0004,clipping,severe,BEATEN,matched,0.999417,True,WAV2VEC2_ASR_BASE_960H,greedy_ctc_collapse
1919-142785-0004,clipping,severe,STIR,matched,0.9394,True,WAV2VEC2_ASR_BASE_960H,greedy_ctc_collapse
1919-142785-0004,clipping,severe,THEM,matched,0.967825,True,WAV2VEC2_ASR_BASE_960H,greedy_ctc_collapse
1919-142785-0004,clipping,severe,TO,matched,0.9996,True,WAV2VEC2_ASR_BASE_960H,greedy_ctc_collapse
1919-142785-0004,clipping,severe,THE,matched,0.9973,True,WAV2VEC2_ASR_BASE_960H,greedy_ctc_collapse
1919-142785-0004,clipping,severe,SAUCE,matched,0.99992,True,WAV2VEC2_ASR_BASE_960H,greedy_ctc_collapse
1919-142785-0004,clipping,severe,BUT,matched,0.9982,True,WAV2VEC2_ASR_BASE_960H,greedy_ctc_collapse
1919-142785-0004,clipping,severe,DO,matched,0.9999,True,WAV2VEC2_ASR_BASE_960H,greedy_ctc_collapse
1919-142785-0004,clipping,severe,NOT,matched,0.999967,True,WAV2VEC2_ASR_BASE_960H,greedy_ctc_collapse
1919-142785-0004,clipping,severe,ALLOW,matched,0.99998,True,WAV2VEC2_ASR_BASE_960H,greedy_ctc_collapse
1919-142785-0004,clipping,severe,IT,matched,0.99985,True,WAV2VEC2_ASR_BASE_960H,greedy_ctc_collapse
1919-142785-0004,clipping,severe,TO,matched,0.97495,True,WAV2VEC2_ASR_BASE_960H,greedy_ctc_collapse
1919-142785-0004,clipping,severe,BOIL,matched,0.99675,True,WAV2VEC2_ASR_BASE_960H,greedy_ctc_collapse
1919-142785-0004,clipping,severe,AND,matched,0.8913,True,WAV2VEC2_ASR_BASE_960H,greedy_ctc_collapse
1919-142785-0004,clipping,severe,SERVE,matched,0.99992,True,WAV2VEC2_ASR_BASE_960H,greedy_ctc_collapse
1919-142785-0004,clipping,severe,VERY,matched,0.999775,True,WAV2VEC2_ASR_BASE_960H,greedy_ctc_collapse
1919-142785-0004,clipping,severe,HOT,matched,1.0,True,WAV2VEC2_ASR_BASE_960H,greedy_ctc_collapse
1919-142785-0004,bandwidth,mild,THEN,matched,1.0,True,WAV2VEC2_ASR_BASE_960H,greedy_ctc_collapse
1919-142785-0004,bandwidth,mild,ADD,matched,0.999933,True,WAV2VEC2_ASR_BASE_960H,greedy_ctc_collapse
1919-142785-0004,bandwidth,mild,THE,matched,0.999867,True,WAV2VEC2_ASR_BASE_960H,greedy_ctc_collapse
1919-142785-0004,bandwidth,mild,YOLKS,matched,0.9967,True,WAV2VEC2_ASR_BASE_960H,greedy_ctc_collapse
1919-142785-0004,bandwidth,mild,OF,matched,0.9999,True,WAV2VEC2_ASR_BASE_960H,greedy_ctc_collapse
1919-142785-0004,bandwidth,mild,THE,matched,0.999833,True,WAV2VEC2_ASR_BASE_960H,greedy_ctc_collapse
1919-142785-0004,bandwidth,mild,EGGS,matched,0.951,True,WAV2VEC2_ASR_BASE_960H,greedy_ctc_collapse
1919-142785-0004,bandwidth,mild,WELL,matched,0.9999,True,WAV2VEC2_ASR_BASE_960H,greedy_ctc_collapse
1919-142785-0004,bandwidth,mild,BEATEN,matched,0.99385,True,WAV2VEC2_ASR_BASE_960H,greedy_ctc_collapse
1919-142785-0004,bandwidth,mild,STIR,matched,0.9891,True,WAV2VEC2_ASR_BASE_960H,greedy_ctc_collapse
1919-142785-0004,bandwidth,mild,THEM,matched,0.994225,True,WAV2VEC2_ASR_BASE_960H,greedy_ctc_collapse
1919-142785-0004,bandwidth,mild,TO,matched,0.99995,True,WAV2VEC2_ASR_BASE_960H,greedy_ctc_collapse
1919-142785-0004,bandwidth,mild,THE,matched,0.998167,True,WAV2VEC2_ASR_BASE_960H,greedy_ctc_collapse
1919-142785-0004,bandwidth,mild,SAUCE,matched,0.99994,True,WAV2VEC2_ASR_BASE_960H,greedy_ctc_collapse
1919-142785-0004,bandwidth,mild,BUT,matched,0.999933,True,WAV2VEC2_ASR_BASE_960H,greedy_ctc_collapse
1919-142785-0004,bandwidth,mild,DO,matched,0.9999,True,WAV2VEC2_ASR_BASE_960H,greedy_ctc_collapse
1919-142785-0004,bandwidth,mild,NOT,matched,0.958033,True,WAV2VEC2_ASR_BASE_960H,greedy_ctc_collapse
1919-142785-0004,bandwidth,mild,ALLOW,matched,1.0,True,WAV2VEC2_ASR_BASE_960H,greedy_ctc_collapse
1919-142785-0004,bandwidth,mild,IT,matched,0.9999,True,WAV2VEC2_ASR_BASE_960H,greedy_ctc_collapse
1919-142785-0004,bandwidth,mild,TO,matched,0.9575,True,WAV2VEC2_ASR_BASE_960H,greedy_ctc_collapse
1919-142785-0004,bandwidth,mild,BOIL,matched,0.998675,True,WAV2VEC2_ASR_BASE_960H,greedy_ctc_collapse
1919-142785-0004,bandwidth,mild,AND,matched,0.9999,True,WAV2VEC2_ASR_BASE_960H,greedy_ctc_collapse
1919-142785-0004,bandwidth,mild,SERVE,matched,0.9601,True,WAV2VEC2_ASR_BASE_960H,greedy_ctc_collapse
1919-142785-0004,bandwidth,mild,VERY,matched,0.999875,True,WAV2VEC2_ASR_BASE_960H,greedy_ctc_collapse
1919-142785-0004,bandwidth,mild,HOT,matched,1.0,True,WAV2VEC2_ASR_BASE_960H,greedy_ctc_collapse
1919-142785-0004,bandwidth,medium,THEN,matched,0.999875,True,WAV2VEC2_ASR_BASE_960H,greedy_ctc_collapse
1919-142785-0004,bandwidth,medium,ADD,matched,0.9999,True,WAV2VEC2_ASR_BASE_960H,greedy_ctc_collapse
1919-142785-0004,bandwidth,medium,THE,matched,0.999867,True,WAV2VEC2_ASR_BASE_960H,greedy_ctc_collapse
1919-142785-0004,bandwidth,medium,YOLKS,matched,0.99516,True,WAV2VEC2_ASR_BASE_960H,greedy_ctc_collapse
1919-142785-0004,bandwidth,medium,OF,matched,0.9999,True,WAV2VEC2_ASR_BASE_960H,greedy_ctc_collapse
1919-142785-0004,bandwidth,medium,THE,matched,0.9998,True,WAV2VEC2_ASR_BASE_960H,greedy_ctc_collapse
1919-142785-0004,bandwidth,medium,EGGS,matched,0.998125,True,WAV2VEC2_ASR_BASE_960H,greedy_ctc_collapse
1919-142785-0004,bandwidth,medium,WELL,matched,0.99865,True,WAV2VEC2_ASR_BASE_960H,greedy_ctc_collapse
1919-142785-0004,bandwidth,medium,BEATEN,matched,0.911317,True,WAV2VEC2_ASR_BASE_960H,greedy_ctc_collapse
1919-142785-0004,bandwidth,medium,STIR,matched,0.983375,True,WAV2VEC2_ASR_BASE_960H,greedy_ctc_collapse
1919-142785-0004,bandwidth,medium,THEM,matched,0.96785,True,WAV2VEC2_ASR_BASE_960H,greedy_ctc_collapse
1919-142785-0004,bandwidth,medium,TO,matched,0.99995,True,WAV2VEC2_ASR_BASE_960H,greedy_ctc_collapse
1919-142785-0004,bandwidth,medium,THE,matched,0.998367,True,WAV2VEC2_ASR_BASE_960H,greedy_ctc_collapse
1919-142785-0004,bandwidth,medium,SAUCE,matched,0.91048,True,WAV2VEC2_ASR_BASE_960H,greedy_ctc_collapse
1919-142785-0004,bandwidth,medium,BUT,matched,0.999667,True,WAV2VEC2_ASR_BASE_960H,greedy_ctc_collapse
1919-142785-0004,bandwidth,medium,DO,matched,0.9999,True,WAV2VEC2_ASR_BASE_960H,greedy_ctc_collapse
1919-142785-0004,bandwidth,medium,NOT,matched,0.999967,True,WAV2VEC2_ASR_BASE_960H,greedy_ctc_collapse
1919-142785-0004,bandwidth,medium,ALLOW,matched,1.0,True,WAV2VEC2_ASR_BASE_960H,greedy_ctc_collapse
1919-142785-0004,bandwidth,medium,IT,matched,0.9999,True,WAV2VEC2_ASR_BASE_960H,greedy_ctc_collapse
1919-142785-0004,bandwidth,medium,TO,matched,0.98735,True,WAV2VEC2_ASR_BASE_960H,greedy_ctc_collapse
1919-142785-0004,bandwidth,medium,BOIL,matched,0.9986,True,WAV2VEC2_ASR_BASE_960H,greedy_ctc_collapse
1919-142785-0004,bandwidth,medium,AND,matched,0.9818,True,WAV2VEC2_ASR_BASE_960H,greedy_ctc_collapse
1919-142785-0004,bandwidth,medium,SERVE,matched,0.9986,True,WAV2VEC2_ASR_BASE_960H,greedy_ctc_collapse
1919-142785-0004,bandwidth,medium,VERY,matched,0.999575,True,WAV2VEC2_ASR_BASE_960H,greedy_ctc_collapse
1919-142785-0004,bandwidth,medium,HOT,matched,1.0,True,WAV2VEC2_ASR_BASE_960H,greedy_ctc_collapse
1919-142785-0004,bandwidth,severe,THEN,matched,0.999925,True,WAV2VEC2_ASR_BASE_960H,greedy_ctc_collapse
1919-142785-0004,bandwidth,severe,ADD,matched,0.999833,True,WAV2VEC2_ASR_BASE_960H,greedy_ctc_collapse
1919-142785-0004,bandwidth,severe,THE,matched,0.9999,True,WAV2VEC2_ASR_BASE_960H,greedy_ctc_collapse
1919-142785-0004,bandwidth,severe,YOLKS,matched,0.99122,True,WAV2VEC2_ASR_BASE_960H,greedy_ctc_collapse
1919-142785-0004,bandwidth,severe,OF,matched,0.99975,True,WAV2VEC2_ASR_BASE_960H,greedy_ctc_collapse
1919-142785-0004,bandwidth,severe,THE,matched,0.8932,True,WAV2VEC2_ASR_BASE_960H,greedy_ctc_collapse
1919-142785-0004,bandwidth,severe,EGGS,matched,0.941775,True,WAV2VEC2_ASR_BASE_960H,greedy_ctc_collapse
1919-142785-0004,bandwidth,severe,WELL,matched,1.0,True,WAV2VEC2_ASR_BASE_960H,greedy_ctc_collapse
1919-142785-0004,bandwidth,severe,BEATEN,matched,0.999883,True,WAV2VEC2_ASR_BASE_960H,greedy_ctc_collapse
1919-142785-0004,bandwidth,severe,STIR,matched,0.8832,True,WAV2VEC2_ASR_BASE_960H,greedy_ctc_collapse
1919-142785-0004,bandwidth,severe,THEM,matched,0.99885,True,WAV2VEC2_ASR_BASE_960H,greedy_ctc_collapse
1919-142785-0004,bandwidth,severe,TO,matched,0.9999,True,WAV2VEC2_ASR_BASE_960H,greedy_ctc_collapse
1919-142785-0004,bandwidth,severe,THE,matched,0.998967,True,WAV2VEC2_ASR_BASE_960H,greedy_ctc_collapse
1919-142785-0004,bandwidth,severe,SAUCE,matched,0.9996,True,WAV2VEC2_ASR_BASE_960H,greedy_ctc_collapse
1919-142785-0004,bandwidth,severe,BUT,matched,0.996867,True,WAV2VEC2_ASR_BASE_960H,greedy_ctc_collapse
1919-142785-0004,bandwidth,severe,DO,matched,0.9995,True,WAV2VEC2_ASR_BASE_960H,greedy_ctc_collapse
1919-142785-0004,bandwidth,severe,NOT,matched,0.999967,True,WAV2VEC2_ASR_BASE_960H,greedy_ctc_collapse
1919-142785-0004,bandwidth,severe,ALLOW,matched,0.91904,True,WAV2VEC2_ASR_BASE_960H,greedy_ctc_collapse
1919-142785-0004,bandwidth,severe,IT,matched,0.99985,True,WAV2VEC2_ASR_BASE_960H,greedy_ctc_collapse
1919-142785-0004,bandwidth,severe,TO,matched,0.9099,True,WAV2VEC2_ASR_BASE_960H,greedy_ctc_collapse
1919-142785-0004,bandwidth,severe,BOIL,matched,0.91765,True,WAV2VEC2_ASR_BASE_960H,greedy_ctc_collapse
1919-142785-0004,bandwidth,severe,AND,matched,0.898633,True,WAV2VEC2_ASR_BASE_960H,greedy_ctc_collapse
1919-142785-0004,bandwidth,severe,SERVE,matched,0.99264,True,WAV2VEC2_ASR_BASE_960H,greedy_ctc_collapse
1919-142785-0004,bandwidth,severe,VERY,matched,0.97685,True,WAV2VEC2_ASR_BASE_960H,greedy_ctc_collapse
1919-142785-0004,bandwidth,severe,HOT,matched,0.9965,True,WAV2VEC2_ASR_BASE_960H,greedy_ctc_collapse
1919-142785-0004,dropout,mild,THEN,matched,1.0,True,WAV2VEC2_ASR_BASE_960H,greedy_ctc_collapse
1919-142785-0004,dropout,mild,ADD,matched,0.9999,True,WAV2VEC2_ASR_BASE_960H,greedy_ctc_collapse
1919-142785-0004,dropout,mild,THE,matched,0.9999,True,WAV2VEC2_ASR_BASE_960H,greedy_ctc_collapse
1919-142785-0004,dropout,mild,YOLKS,matched,0.9978,True,WAV2VEC2_ASR_BASE_960H,greedy_ctc_collapse
1919-142785-0004,dropout,mild,OF,matched,0.9999,True,WAV2VEC2_ASR_BASE_960H,greedy_ctc_collapse
1919-142785-0004,dropout,mild,THE,matched,0.999867,True,WAV2VEC2_ASR_BASE_960H,greedy_ctc_collapse
1919-142785-0004,dropout,mild,EGGS,matched,0.9981,True,WAV2VEC2_ASR_BASE_960H,greedy_ctc_collapse
1919-142785-0004,dropout,mild,WELL,matched,1.0,True,WAV2VEC2_ASR_BASE_960H,greedy_ctc_collapse
1919-142785-0004,dropout,mild,BEATEN,matched,0.999717,True,WAV2VEC2_ASR_BASE_960H,greedy_ctc_collapse
1919-142785-0004,dropout,mild,STIR,matched,0.993375,True,WAV2VEC2_ASR_BASE_960H,greedy_ctc_collapse
1919-142785-0004,dropout,mild,THEM,matched,0.89875,True,WAV2VEC2_ASR_BASE_960H,greedy_ctc_collapse
1919-142785-0004,dropout,mild,TO,matched,0.9999,True,WAV2VEC2_ASR_BASE_960H,greedy_ctc_collapse
1919-142785-0004,dropout,mild,THE,matched,0.9973,True,WAV2VEC2_ASR_BASE_960H,greedy_ctc_collapse
1919-142785-0004,dropout,mild,SAUCE,matched,0.99998,True,WAV2VEC2_ASR_BASE_960H,greedy_ctc_collapse
1919-142785-0004,dropout,mild,BUT,matched,0.999633,True,WAV2VEC2_ASR_BASE_960H,greedy_ctc_collapse
1919-142785-0004,dropout,mild,DO,matched,0.99995,True,WAV2VEC2_ASR_BASE_960H,greedy_ctc_collapse
1919-142785-0004,dropout,mild,NOT,matched,0.950867,True,WAV2VEC2_ASR_BASE_960H,greedy_ctc_collapse
1919-142785-0004,dropout,mild,ALLOW,matched,1.0,True,WAV2VEC2_ASR_BASE_960H,greedy_ctc_collapse
1919-142785-0004,dropout,mild,IT,matched,0.9999,True,WAV2VEC2_ASR_BASE_960H,greedy_ctc_collapse
1919-142785-0004,dropout,mild,TO,matched,0.96975,True,WAV2VEC2_ASR_BASE_960H,greedy_ctc_collapse
1919-142785-0004,dropout,mild,BOIL,matched,0.99795,True,WAV2VEC2_ASR_BASE_960H,greedy_ctc_collapse
1919-142785-0004,dropout,mild,AND,matched,0.999767,True,WAV2VEC2_ASR_BASE_960H,greedy_ctc_collapse
1919-142785-0004,dropout,mild,SERVE,matched,0.99586,True,WAV2VEC2_ASR_BASE_960H,greedy_ctc_collapse
1919-142785-0004,dropout,mild,VERY,matched,0.999725,True,WAV2VEC2_ASR_BASE_960H,greedy_ctc_collapse
1919-142785-0004,dropout,mild,HOT,matched,1.0,True,WAV2VEC2_ASR_BASE_960H,greedy_ctc_collapse
1919-142785-0004,dropout,medium,THEN,matched,0.999725,True,WAV2VEC2_ASR_BASE_960H,greedy_ctc_collapse
1919-142785-0004,dropout,medium,ADD,matched,0.9996,True,WAV2VEC2_ASR_BASE_960H,greedy_ctc_collapse
1919-142785-0004,dropout,medium,THE,matched,0.999667,True,WAV2VEC2_ASR_BASE_960H,greedy_ctc_collapse
1919-142785-0004,dropout,medium,YOLKS,matched,0.98778,True,WAV2VEC2_ASR_BASE_960H,greedy_ctc_collapse
1919-142785-0004,dropout,medium,OF,matched,0.99995,True,WAV2VEC2_ASR_BASE_960H,greedy_ctc_collapse
1919-142785-0004,dropout,medium,THE,matched,0.9998,True,WAV2VEC2_ASR_BASE_960H,greedy_ctc_collapse
1919-142785-0004,dropout,medium,EGGS,matched,0.99695,True,WAV2VEC2_ASR_BASE_960H,greedy_ctc_collapse
1919-142785-0004,dropout,medium,WELL,matched,0.999975,True,WAV2VEC2_ASR_BASE_960H,greedy_ctc_collapse
1919-142785-0004,dropout,medium,BEATEN,matched,0.999817,True,WAV2VEC2_ASR_BASE_960H,greedy_ctc_collapse
1919-142785-0004,dropout,medium,STIR,matched,0.988875,True,WAV2VEC2_ASR_BASE_960H,greedy_ctc_collapse
1919-142785-0004,dropout,medium,THEM,matched,0.8885,True,WAV2VEC2_ASR_BASE_960H,greedy_ctc_collapse
1919-142785-0004,dropout,medium,TO,matched,0.9998,True,WAV2VEC2_ASR_BASE_960H,greedy_ctc_collapse
1919-142785-0004,dropout,medium,THE,matched,0.996733,True,WAV2VEC2_ASR_BASE_960H,greedy_ctc_collapse
1919-142785-0004,dropout,medium,SAUCE,matched,1.0,True,WAV2VEC2_ASR_BASE_960H,greedy_ctc_collapse
1919-142785-0004,dropout,medium,BUT,matched,0.999767,True,WAV2VEC2_ASR_BASE_960H,greedy_ctc_collapse
1919-142785-0004,dropout,medium,DO,matched,0.9999,True,WAV2VEC2_ASR_BASE_960H,greedy_ctc_collapse
1919-142785-0004,dropout,medium,NOT,matched,0.999933,True,WAV2VEC2_ASR_BASE_960H,greedy_ctc_collapse
1919-142785-0004,dropout,medium,ALLOW,matched,0.99998,True,WAV2VEC2_ASR_BASE_960H,greedy_ctc_collapse
1919-142785-0004,dropout,medium,IT,matched,0.9999,True,WAV2VEC2_ASR_BASE_960H,greedy_ctc_collapse
1919-142785-0004,dropout,medium,TO,matched,0.96885,True,WAV2VEC2_ASR_BASE_960H,greedy_ctc_collapse
1919-142785-0004,dropout,medium,BOIL,matched,0.99985,True,WAV2VEC2_ASR_BASE_960H,greedy_ctc_collapse
1919-142785-0004,dropout,medium,AND,matched,0.9997,True,WAV2VEC2_ASR_BASE_960H,greedy_ctc_collapse
1919-142785-0004,dropout,medium,SERVE,matched,0.96138,True,WAV2VEC2_ASR_BASE_960H,greedy_ctc_collapse
1919-142785-0004,dropout,medium,VERY,matched,0.9996,True,WAV2VEC2_ASR_BASE_960H,greedy_ctc_collapse
1919-142785-0004,dropout,medium,HOT,matched,1.0,True,WAV2VEC2_ASR_BASE_960H,greedy_ctc_collapse
1919-142785-0004,dropout,severe,THEN,matched,0.99855,True,WAV2VEC2_ASR_BASE_960H,greedy_ctc_collapse
1919-142785-0004,dropout,severe,ADD,matched,0.997167,True,WAV2VEC2_ASR_BASE_960H,greedy_ctc_collapse
1919-142785-0004,dropout,severe,THE,matched,0.5297,False,WAV2VEC2_ASR_BASE_960H,greedy_ctc_collapse
1919-142785-0004,dropout,severe,YOLKS,matched,0.9565,True,WAV2VEC2_ASR_BASE_960H,greedy_ctc_collapse
1919-142785-0004,dropout,severe,OF,matched,0.9997,True,WAV2VEC2_ASR_BASE_960H,greedy_ctc_collapse
1919-142785-0004,dropout,severe,THE,matched,0.999633,True,WAV2VEC2_ASR_BASE_960H,greedy_ctc_collapse
1919-142785-0004,dropout,severe,EGGS,matched,0.999425,True,WAV2VEC2_ASR_BASE_960H,greedy_ctc_collapse
1919-142785-0004,dropout,severe,WELL,matched,0.995675,True,WAV2VEC2_ASR_BASE_960H,greedy_ctc_collapse
1919-142785-0004,dropout,severe,BEATEN,matched,0.959067,True,WAV2VEC2_ASR_BASE_960H,greedy_ctc_collapse
1919-142785-0004,dropout,severe,STIR,matched,0.9732,True,WAV2VEC2_ASR_BASE_960H,greedy_ctc_collapse
1919-142785-0004,dropout,severe,THEM,matched,0.99955,True,WAV2VEC2_ASR_BASE_960H,greedy_ctc_collapse
1919-142785-0004,dropout,severe,TO,matched,0.99855,True,WAV2VEC2_ASR_BASE_960H,greedy_ctc_collapse
1919-142785-0004,dropout,severe,THE,matched,0.995733,True,WAV2VEC2_ASR_BASE_960H,greedy_ctc_collapse
1919-142785-0004,dropout,severe,SAUCE,matched,0.99996,True,WAV2VEC2_ASR_BASE_960H,greedy_ctc_collapse
1919-142785-0004,dropout,severe,BUT,matched,0.997933,True,WAV2VEC2_ASR_BASE_960H,greedy_ctc_collapse
1919-142785-0004,dropout,severe,DO,deleted,,,WAV2VEC2_ASR_BASE_960H,greedy_ctc_collapse
1919-142785-0004,dropout,severe,NOT,matched,0.9822,True,WAV2VEC2_ASR_BASE_960H,greedy_ctc_collapse
1919-142785-0004,dropout,severe,ALLOW,matched,0.99988,True,WAV2VEC2_ASR_BASE_960H,greedy_ctc_collapse
1919-142785-0004,dropout,severe,IT,matched,0.99915,True,WAV2VEC2_ASR_BASE_960H,greedy_ctc_collapse
1919-142785-0004,dropout,severe,TO,matched,0.7879,True,WAV2VEC2_ASR_BASE_960H,greedy_ctc_collapse
1919-142785-0004,dropout,severe,BOIL,matched,0.747375,True,WAV2VEC2_ASR_BASE_960H,greedy_ctc_collapse
1919-142785-0004,dropout,severe,AND,matched,0.999367,True,WAV2VEC2_ASR_BASE_960H,greedy_ctc_collapse
1919-142785-0004,dropout,severe,SERVE,matched,0.997,True,WAV2VEC2_ASR_BASE_960H,greedy_ctc_collapse
1919-142785-0004,dropout,severe,VERY,matched,0.9971,True,WAV2VEC2_ASR_BASE_960H,greedy_ctc_collapse
1919-142785-0004,dropout,severe,HOT,matched,1.0,True,WAV2VEC2_ASR_BASE_960H,greedy_ctc_collapse
1919-142785-0004,reverberation,mild,THEN,matched,0.999925,True,WAV2VEC2_ASR_BASE_960H,greedy_ctc_collapse
1919-142785-0004,reverberation,mild,ADD,matched,0.999467,True,WAV2VEC2_ASR_BASE_960H,greedy_ctc_collapse
1919-142785-0004,reverberation,mild,THE,matched,0.999733,True,WAV2VEC2_ASR_BASE_960H,greedy_ctc_collapse
1919-142785-0004,reverberation,mild,YOLKS,matched,0.92636,True,WAV2VEC2_ASR_BASE_960H,greedy_ctc_collapse
1919-142785-0004,reverberation,mild,OF,matched,0.99965,True,WAV2VEC2_ASR_BASE_960H,greedy_ctc_collapse
1919-142785-0004,reverberation,mild,THE,matched,0.9995,True,WAV2VEC2_ASR_BASE_960H,greedy_ctc_collapse
1919-142785-0004,reverberation,mild,EGGS,matched,0.999525,True,WAV2VEC2_ASR_BASE_960H,greedy_ctc_collapse
1919-142785-0004,reverberation,mild,WELL,matched,0.999975,True,WAV2VEC2_ASR_BASE_960H,greedy_ctc_collapse
1919-142785-0004,reverberation,mild,BEATEN,matched,0.999833,True,WAV2VEC2_ASR_BASE_960H,greedy_ctc_collapse
1919-142785-0004,reverberation,mild,STIR,matched,0.9977,True,WAV2VEC2_ASR_BASE_960H,greedy_ctc_collapse
1919-142785-0004,reverberation,mild,THEM,matched,0.9952,True,WAV2VEC2_ASR_BASE_960H,greedy_ctc_collapse
1919-142785-0004,reverberation,mild,TO,matched,0.9999,True,WAV2VEC2_ASR_BASE_960H,greedy_ctc_collapse
1919-142785-0004,reverberation,mild,THE,matched,0.998033,True,WAV2VEC2_ASR_BASE_960H,greedy_ctc_collapse
1919-142785-0004,reverberation,mild,SAUCE,matched,0.93554,True,WAV2VEC2_ASR_BASE_960H,greedy_ctc_collapse
1919-142785-0004,reverberation,mild,BUT,matched,0.999767,True,WAV2VEC2_ASR_BASE_960H,greedy_ctc_collapse
1919-142785-0004,reverberation,mild,DO,matched,0.9997,True,WAV2VEC2_ASR_BASE_960H,greedy_ctc_collapse
1919-142785-0004,reverberation,mild,NOT,matched,0.999833,True,WAV2VEC2_ASR_BASE_960H,greedy_ctc_collapse
1919-142785-0004,reverberation,mild,ALLOW,matched,0.99998,True,WAV2VEC2_ASR_BASE_960H,greedy_ctc_collapse
1919-142785-0004,reverberation,mild,IT,matched,0.99955,True,WAV2VEC2_ASR_BASE_960H,greedy_ctc_collapse
1919-142785-0004,reverberation,mild,TO,matched,0.99325,True,WAV2VEC2_ASR_BASE_960H,greedy_ctc_collapse
1919-142785-0004,reverberation,mild,BOIL,matched,0.99855,True,WAV2VEC2_ASR_BASE_960H,greedy_ctc_collapse
1919-142785-0004,reverberation,mild,AND,matched,0.9995,True,WAV2VEC2_ASR_BASE_960H,greedy_ctc_collapse
1919-142785-0004,reverberation,mild,SERVE,matched,0.9981,True,WAV2VEC2_ASR_BASE_960H,greedy_ctc_collapse
1919-142785-0004,reverberation,mild,VERY,matched,0.999825,True,WAV2VEC2_ASR_BASE_960H,greedy_ctc_collapse
1919-142785-0004,reverberation,mild,HOT,matched,0.9999,True,WAV2VEC2_ASR_BASE_960H,greedy_ctc_collapse
1919-142785-0004,reverberation,medium,THEN,matched,0.997275,True,WAV2VEC2_ASR_BASE_960H,greedy_ctc_collapse
1919-142785-0004,reverberation,medium,ADD,matched,0.989267,True,WAV2VEC2_ASR_BASE_960H,greedy_ctc_collapse
1919-142785-0004,reverberation,medium,THE,matched,0.995,True,WAV2VEC2_ASR_BASE_960H,greedy_ctc_collapse
1919-142785-0004,reverberation,medium,YOLKS,matched,0.99118,True,WAV2VEC2_ASR_BASE_960H,greedy_ctc_collapse
1919-142785-0004,reverberation,medium,OF,matched,0.9992,True,WAV2VEC2_ASR_BASE_960H,greedy_ctc_collapse
1919-142785-0004,reverberation,medium,THE,matched,0.965933,True,WAV2VEC2_ASR_BASE_960H,greedy_ctc_collapse
1919-142785-0004,reverberation,medium,EGGS,matched,0.90855,True,WAV2VEC2_ASR_BASE_960H,greedy_ctc_collapse
1919-142785-0004,reverberation,medium,WELL,matched,0.878225,True,WAV2VEC2_ASR_BASE_960H,greedy_ctc_collapse
1919-142785-0004,reverberation,medium,BEATEN,matched,0.999533,True,WAV2VEC2_ASR_BASE_960H,greedy_ctc_collapse
1919-142785-0004,reverberation,medium,STIR,matched,0.8638,True,WAV2VEC2_ASR_BASE_960H,greedy_ctc_collapse
1919-142785-0004,reverberation,medium,THEM,matched,0.99795,True,WAV2VEC2_ASR_BASE_960H,greedy_ctc_collapse
1919-142785-0004,reverberation,medium,TO,matched,0.98515,True,WAV2VEC2_ASR_BASE_960H,greedy_ctc_collapse
1919-142785-0004,reverberation,medium,THE,matched,0.996167,True,WAV2VEC2_ASR_BASE_960H,greedy_ctc_collapse
1919-142785-0004,reverberation,medium,SAUCE,matched,0.9985,True,WAV2VEC2_ASR_BASE_960H,greedy_ctc_collapse
1919-142785-0004,reverberation,medium,BUT,matched,0.9988,True,WAV2VEC2_ASR_BASE_960H,greedy_ctc_collapse
1919-142785-0004,reverberation,medium,DO,matched,0.99105,True,WAV2VEC2_ASR_BASE_960H,greedy_ctc_collapse
1919-142785-0004,reverberation,medium,NOT,matched,0.9996,True,WAV2VEC2_ASR_BASE_960H,greedy_ctc_collapse
1919-142785-0004,reverberation,medium,ALLOW,matched,0.99986,True,WAV2VEC2_ASR_BASE_960H,greedy_ctc_collapse
1919-142785-0004,reverberation,medium,IT,matched,0.84385,True,WAV2VEC2_ASR_BASE_960H,greedy_ctc_collapse
1919-142785-0004,reverberation,medium,TO,matched,0.97155,True,WAV2VEC2_ASR_BASE_960H,greedy_ctc_collapse
1919-142785-0004,reverberation,medium,BOIL,matched,0.962925,True,WAV2VEC2_ASR_BASE_960H,greedy_ctc_collapse
1919-142785-0004,reverberation,medium,AND,matched,0.999133,True,WAV2VEC2_ASR_BASE_960H,greedy_ctc_collapse
1919-142785-0004,reverberation,medium,SERVE,matched,0.90304,True,WAV2VEC2_ASR_BASE_960H,greedy_ctc_collapse
1919-142785-0004,reverberation,medium,VERY,matched,0.999775,True,WAV2VEC2_ASR_BASE_960H,greedy_ctc_collapse
1919-142785-0004,reverberation,medium,HOT,matched,0.999633,True,WAV2VEC2_ASR_BASE_960H,greedy_ctc_collapse
1919-142785-0004,reverberation,severe,THEN,matched,0.900625,True,WAV2VEC2_ASR_BASE_960H,greedy_ctc_collapse
1919-142785-0004,reverberation,severe,ADD,matched,0.6685,False,WAV2VEC2_ASR_BASE_960H,greedy_ctc_collapse
1919-142785-0004,reverberation,severe,THE,matched,0.7122,False,WAV2VEC2_ASR_BASE_960H,greedy_ctc_collapse
1919-142785-0004,reverberation,severe,YOLKS,matched,0.59885,False,WAV2VEC2_ASR_BASE_960H,greedy_ctc_collapse
1919-142785-0004,reverberation,severe,OF,matched,0.5356,False,WAV2VEC2_ASR_BASE_960H,greedy_ctc_collapse
1919-142785-0004,reverberation,severe,THE,matched,0.9827,True,WAV2VEC2_ASR_BASE_960H,greedy_ctc_collapse
1919-142785-0004,reverberation,severe,EGGS,matched,0.97655,True,WAV2VEC2_ASR_BASE_960H,greedy_ctc_collapse
1919-142785-0004,reverberation,severe,WELL,matched,0.98805,True,WAV2VEC2_ASR_BASE_960H,greedy_ctc_collapse
1919-142785-0004,reverberation,severe,BEATEN,deleted,,,WAV2VEC2_ASR_BASE_960H,greedy_ctc_collapse
1919-142785-0004,reverberation,severe,STIR,matched,0.9259,False,WAV2VEC2_ASR_BASE_960H,greedy_ctc_collapse
1919-142785-0004,reverberation,severe,THEM,matched,0.725517,False,WAV2VEC2_ASR_BASE_960H,greedy_ctc_collapse
1919-142785-0004,reverberation,severe,TO,matched,0.7559,True,WAV2VEC2_ASR_BASE_960H,greedy_ctc_collapse
1919-142785-0004,reverberation,severe,THE,matched,0.52,False,WAV2VEC2_ASR_BASE_960H,greedy_ctc_collapse
1919-142785-0004,reverberation,severe,SAUCE,matched,0.76282,False,WAV2VEC2_ASR_BASE_960H,greedy_ctc_collapse
1919-142785-0004,reverberation,severe,BUT,matched,0.930367,True,WAV2VEC2_ASR_BASE_960H,greedy_ctc_collapse
1919-142785-0004,reverberation,severe,DO,matched,0.9888,True,WAV2VEC2_ASR_BASE_960H,greedy_ctc_collapse
1919-142785-0004,reverberation,severe,NOT,matched,0.9973,True,WAV2VEC2_ASR_BASE_960H,greedy_ctc_collapse
1919-142785-0004,reverberation,severe,ALLOW,matched,0.97646,True,WAV2VEC2_ASR_BASE_960H,greedy_ctc_collapse
1919-142785-0004,reverberation,severe,IT,deleted,,,WAV2VEC2_ASR_BASE_960H,greedy_ctc_collapse
1919-142785-0004,reverberation,severe,TO,matched,0.9931,True,WAV2VEC2_ASR_BASE_960H,greedy_ctc_collapse
1919-142785-0004,reverberation,severe,BOIL,matched,0.9786,False,WAV2VEC2_ASR_BASE_960H,greedy_ctc_collapse
1919-142785-0004,reverberation,severe,AND,matched,0.990067,True,WAV2VEC2_ASR_BASE_960H,greedy_ctc_collapse
1919-142785-0004,reverberation,severe,SERVE,matched,0.77468,True,WAV2VEC2_ASR_BASE_960H,greedy_ctc_collapse
1919-142785-0004,reverberation,severe,VERY,matched,0.998675,True,WAV2VEC2_ASR_BASE_960H,greedy_ctc_collapse
1919-142785-0004,reverberation,severe,HOT,matched,0.884867,False,WAV2VEC2_ASR_BASE_960H,greedy_ctc_collapse
1919-142785-0005,clean,none,MODE,matched,0.99835,True,WAV2VEC2_ASR_BASE_960H,greedy_ctc_collapse
1919-142785-0005,clean,none,PARE,matched,0.8444,True,WAV2VEC2_ASR_BASE_960H,greedy_ctc_collapse
1919-142785-0005,clean,none,AND,matched,0.9962,True,WAV2VEC2_ASR_BASE_960H,greedy_ctc_collapse
1919-142785-0005,clean,none,SLICE,matched,0.97552,True,WAV2VEC2_ASR_BASE_960H,greedy_ctc_collapse
1919-142785-0005,clean,none,THE,matched,0.8885,True,WAV2VEC2_ASR_BASE_960H,greedy_ctc_collapse
1919-142785-0005,clean,none,CUCUMBERS,matched,0.999878,True,WAV2VEC2_ASR_BASE_960H,greedy_ctc_collapse
1919-142785-0005,clean,none,AS,matched,0.99445,True,WAV2VEC2_ASR_BASE_960H,greedy_ctc_collapse
1919-142785-0005,clean,none,FOR,matched,0.999467,True,WAV2VEC2_ASR_BASE_960H,greedy_ctc_collapse
1919-142785-0005,clean,none,THE,matched,0.992267,True,WAV2VEC2_ASR_BASE_960H,greedy_ctc_collapse
1919-142785-0005,clean,none,TABLE,matched,0.87368,True,WAV2VEC2_ASR_BASE_960H,greedy_ctc_collapse
1919-142785-0005,clean,none,SPRINKLE,matched,0.998825,True,WAV2VEC2_ASR_BASE_960H,greedy_ctc_collapse
1919-142785-0005,clean,none,WELL,matched,0.99985,True,WAV2VEC2_ASR_BASE_960H,greedy_ctc_collapse
1919-142785-0005,clean,none,WITH,matched,0.98235,True,WAV2VEC2_ASR_BASE_960H,greedy_ctc_collapse
1919-142785-0005,clean,none,SALT,matched,0.96195,True,WAV2VEC2_ASR_BASE_960H,greedy_ctc_collapse
1919-142785-0005,clean,none,AND,matched,0.992767,True,WAV2VEC2_ASR_BASE_960H,greedy_ctc_collapse
1919-142785-0005,clean,none,LET,matched,0.9995,True,WAV2VEC2_ASR_BASE_960H,greedy_ctc_collapse
1919-142785-0005,clean,none,THEM,matched,0.990925,True,WAV2VEC2_ASR_BASE_960H,greedy_ctc_collapse
1919-142785-0005,clean,none,REMAIN,matched,0.9611,True,WAV2VEC2_ASR_BASE_960H,greedy_ctc_collapse
1919-142785-0005,clean,none,FOR,matched,0.999467,True,WAV2VEC2_ASR_BASE_960H,greedy_ctc_collapse
1919-142785-0005,clean,none,TWENTY,matched,0.999967,True,WAV2VEC2_ASR_BASE_960H,greedy_ctc_collapse
1919-142785-0005,clean,none,FOUR,matched,0.968125,True,WAV2VEC2_ASR_BASE_960H,greedy_ctc_collapse
1919-142785-0005,clean,none,HOURS,matched,0.99414,True,WAV2VEC2_ASR_BASE_960H,greedy_ctc_collapse
1919-142785-0005,clean,none,STRAIN,matched,0.999567,True,WAV2VEC2_ASR_BASE_960H,greedy_ctc_collapse
1919-142785-0005,clean,none,OFF,matched,0.999933,True,WAV2VEC2_ASR_BASE_960H,greedy_ctc_collapse
1919-142785-0005,clean,none,THE,matched,0.999433,True,WAV2VEC2_ASR_BASE_960H,greedy_ctc_collapse
1919-142785-0005,clean,none,LIQUOR,matched,0.960683,True,WAV2VEC2_ASR_BASE_960H,greedy_ctc_collapse
1919-142785-0005,clean,none,PACK,matched,0.999325,True,WAV2VEC2_ASR_BASE_960H,greedy_ctc_collapse
1919-142785-0005,clean,none,IN,matched,0.99985,True,WAV2VEC2_ASR_BASE_960H,greedy_ctc_collapse
1919-142785-0005,clean,none,JARS,matched,0.96255,True,WAV2VEC2_ASR_BASE_960H,greedy_ctc_collapse
1919-142785-0005,clean,none,A,matched,0.9995,True,WAV2VEC2_ASR_BASE_960H,greedy_ctc_collapse
1919-142785-0005,clean,none,THICK,matched,0.90446,True,WAV2VEC2_ASR_BASE_960H,greedy_ctc_collapse
1919-142785-0005,clean,none,LAYER,matched,0.87328,True,WAV2VEC2_ASR_BASE_960H,greedy_ctc_collapse
1919-142785-0005,clean,none,OF,matched,0.9997,True,WAV2VEC2_ASR_BASE_960H,greedy_ctc_collapse
1919-142785-0005,clean,none,CUCUMBERS,matched,0.999833,True,WAV2VEC2_ASR_BASE_960H,greedy_ctc_collapse
1919-142785-0005,clean,none,AND,matched,0.8264,True,WAV2VEC2_ASR_BASE_960H,greedy_ctc_collapse
1919-142785-0005,clean,none,SALT,matched,0.979925,True,WAV2VEC2_ASR_BASE_960H,greedy_ctc_collapse
1919-142785-0005,clean,none,ALTERNATELY,matched,0.997491,True,WAV2VEC2_ASR_BASE_960H,greedy_ctc_collapse
1919-142785-0005,clean,none,TIE,matched,0.990833,True,WAV2VEC2_ASR_BASE_960H,greedy_ctc_collapse
1919-142785-0005,clean,none,DOWN,matched,1.0,True,WAV2VEC2_ASR_BASE_960H,greedy_ctc_collapse
1919-142785-0005,clean,none,CLOSELY,matched,0.999943,True,WAV2VEC2_ASR_BASE_960H,greedy_ctc_collapse
1919-142785-0005,clean,none,AND,matched,0.988767,True,WAV2VEC2_ASR_BASE_960H,greedy_ctc_collapse
1919-142785-0005,clean,none,WHEN,matched,0.9982,True,WAV2VEC2_ASR_BASE_960H,greedy_ctc_collapse
1919-142785-0005,clean,none,WANTED,matched,0.986583,True,WAV2VEC2_ASR_BASE_960H,greedy_ctc_collapse
1919-142785-0005,clean,none,FOR,matched,0.9883,True,WAV2VEC2_ASR_BASE_960H,greedy_ctc_collapse
1919-142785-0005,clean,none,USE,matched,0.999867,True,WAV2VEC2_ASR_BASE_960H,greedy_ctc_collapse
1919-142785-0005,clean,none,TAKE,matched,0.964475,True,WAV2VEC2_ASR_BASE_960H,greedy_ctc_collapse
1919-142785-0005,clean,none,OUT,matched,0.958933,True,WAV2VEC2_ASR_BASE_960H,greedy_ctc_collapse
1919-142785-0005,clean,none,THE,matched,0.990633,True,WAV2VEC2_ASR_BASE_960H,greedy_ctc_collapse
1919-142785-0005,clean,none,QUANTITY,matched,0.999238,True,WAV2VEC2_ASR_BASE_960H,greedy_ctc_collapse
1919-142785-0005,clean,none,REQUIRED,matched,0.9597,True,WAV2VEC2_ASR_BASE_960H,greedy_ctc_collapse
1919-142785-0005,additive_noise,mild,MODE,matched,0.965775,True,WAV2VEC2_ASR_BASE_960H,greedy_ctc_collapse
1919-142785-0005,additive_noise,mild,PARE,matched,0.9288,True,WAV2VEC2_ASR_BASE_960H,greedy_ctc_collapse
1919-142785-0005,additive_noise,mild,AND,matched,0.999033,True,WAV2VEC2_ASR_BASE_960H,greedy_ctc_collapse
1919-142785-0005,additive_noise,mild,SLICE,matched,0.99494,True,WAV2VEC2_ASR_BASE_960H,greedy_ctc_collapse
1919-142785-0005,additive_noise,mild,THE,matched,0.692967,True,WAV2VEC2_ASR_BASE_960H,greedy_ctc_collapse
1919-142785-0005,additive_noise,mild,CUCUMBERS,matched,0.940789,True,WAV2VEC2_ASR_BASE_960H,greedy_ctc_collapse
1919-142785-0005,additive_noise,mild,AS,matched,0.9977,True,WAV2VEC2_ASR_BASE_960H,greedy_ctc_collapse
1919-142785-0005,additive_noise,mild,FOR,matched,0.9994,True,WAV2VEC2_ASR_BASE_960H,greedy_ctc_collapse
1919-142785-0005,additive_noise,mild,THE,matched,0.983333,True,WAV2VEC2_ASR_BASE_960H,greedy_ctc_collapse
1919-142785-0005,additive_noise,mild,TABLE,matched,0.97906,True,WAV2VEC2_ASR_BASE_960H,greedy_ctc_collapse
1919-142785-0005,additive_noise,mild,SPRINKLE,matched,0.999725,True,WAV2VEC2_ASR_BASE_960H,greedy_ctc_collapse
1919-142785-0005,additive_noise,mild,WELL,matched,0.9159,True,WAV2VEC2_ASR_BASE_960H,greedy_ctc_collapse
1919-142785-0005,additive_noise,mild,WITH,matched,0.9933,True,WAV2VEC2_ASR_BASE_960H,greedy_ctc_collapse
1919-142785-0005,additive_noise,mild,SALT,matched,0.9293,True,WAV2VEC2_ASR_BASE_960H,greedy_ctc_collapse
1919-142785-0005,additive_noise,mild,AND,matched,0.993233,True,WAV2VEC2_ASR_BASE_960H,greedy_ctc_collapse
1919-142785-0005,additive_noise,mild,LET,matched,0.9999,True,WAV2VEC2_ASR_BASE_960H,greedy_ctc_collapse
1919-142785-0005,additive_noise,mild,THEM,matched,0.998625,True,WAV2VEC2_ASR_BASE_960H,greedy_ctc_collapse
1919-142785-0005,additive_noise,mild,REMAIN,matched,0.9999,True,WAV2VEC2_ASR_BASE_960H,greedy_ctc_collapse
1919-142785-0005,additive_noise,mild,FOR,matched,0.839367,True,WAV2VEC2_ASR_BASE_960H,greedy_ctc_collapse
1919-142785-0005,additive_noise,mild,TWENTY,matched,0.913867,True,WAV2VEC2_ASR_BASE_960H,greedy_ctc_collapse
1919-142785-0005,additive_noise,mild,FOUR,matched,0.9134,True,WAV2VEC2_ASR_BASE_960H,greedy_ctc_collapse
1919-142785-0005,additive_noise,mild,HOURS,matched,0.99986,True,WAV2VEC2_ASR_BASE_960H,greedy_ctc_collapse
1919-142785-0005,additive_noise,mild,STRAIN,matched,0.999033,True,WAV2VEC2_ASR_BASE_960H,greedy_ctc_collapse
1919-142785-0005,additive_noise,mild,OFF,matched,0.999967,True,WAV2VEC2_ASR_BASE_960H,greedy_ctc_collapse
1919-142785-0005,additive_noise,mild,THE,matched,0.913367,True,WAV2VEC2_ASR_BASE_960H,greedy_ctc_collapse
1919-142785-0005,additive_noise,mild,LIQUOR,matched,0.875017,True,WAV2VEC2_ASR_BASE_960H,greedy_ctc_collapse
1919-142785-0005,additive_noise,mild,PACK,matched,0.998525,True,WAV2VEC2_ASR_BASE_960H,greedy_ctc_collapse
1919-142785-0005,additive_noise,mild,IN,matched,0.99985,True,WAV2VEC2_ASR_BASE_960H,greedy_ctc_collapse
1919-142785-0005,additive_noise,mild,JARS,matched,0.999875,True,WAV2VEC2_ASR_BASE_960H,greedy_ctc_collapse
1919-142785-0005,additive_noise,mild,A,matched,0.9993,True,WAV2VEC2_ASR_BASE_960H,greedy_ctc_collapse
1919-142785-0005,additive_noise,mild,THICK,matched,0.99988,True,WAV2VEC2_ASR_BASE_960H,greedy_ctc_collapse
1919-142785-0005,additive_noise,mild,LAYER,matched,0.844225,False,WAV2VEC2_ASR_BASE_960H,greedy_ctc_collapse
1919-142785-0005,additive_noise,mild,OF,matched,0.9995,True,WAV2VEC2_ASR_BASE_960H,greedy_ctc_collapse
1919-142785-0005,additive_noise,mild,CUCUMBERS,matched,0.9998,True,WAV2VEC2_ASR_BASE_960H,greedy_ctc_collapse
1919-142785-0005,additive_noise,mild,AND,matched,0.901,True,WAV2VEC2_ASR_BASE_960H,greedy_ctc_collapse
1919-142785-0005,additive_noise,mild,SALT,matched,0.939325,True,WAV2VEC2_ASR_BASE_960H,greedy_ctc_collapse
1919-142785-0005,additive_noise,mild,ALTERNATELY,matched,0.980145,True,WAV2VEC2_ASR_BASE_960H,greedy_ctc_collapse
1919-142785-0005,additive_noise,mild,TIE,matched,0.942033,True,WAV2VEC2_ASR_BASE_960H,greedy_ctc_collapse
1919-142785-0005,additive_noise,mild,DOWN,matched,1.0,True,WAV2VEC2_ASR_BASE_960H,greedy_ctc_collapse
1919-142785-0005,additive_noise,mild,CLOSELY,matched,0.915,True,WAV2VEC2_ASR_BASE_960H,greedy_ctc_collapse
1919-142785-0005,additive_noise,mild,AND,matched,0.990933,True,WAV2VEC2_ASR_BASE_960H,greedy_ctc_collapse
1919-142785-0005,additive_noise,mild,WHEN,matched,0.89545,True,WAV2VEC2_ASR_BASE_960H,greedy_ctc_collapse
1919-142785-0005,additive_noise,mild,WANTED,matched,0.990333,True,WAV2VEC2_ASR_BASE_960H,greedy_ctc_collapse
1919-142785-0005,additive_noise,mild,FOR,matched,0.880967,True,WAV2VEC2_ASR_BASE_960H,greedy_ctc_collapse
1919-142785-0005,additive_noise,mild,USE,matched,0.986633,True,WAV2VEC2_ASR_BASE_960H,greedy_ctc_collapse
1919-142785-0005,additive_noise,mild,TAKE,matched,0.993375,True,WAV2VEC2_ASR_BASE_960H,greedy_ctc_collapse
1919-142785-0005,additive_noise,mild,OUT,matched,0.990067,True,WAV2VEC2_ASR_BASE_960H,greedy_ctc_collapse
1919-142785-0005,additive_noise,mild,THE,matched,0.9909,True,WAV2VEC2_ASR_BASE_960H,greedy_ctc_collapse
1919-142785-0005,additive_noise,mild,QUANTITY,matched,0.995275,True,WAV2VEC2_ASR_BASE_960H,greedy_ctc_collapse
1919-142785-0005,additive_noise,mild,REQUIRED,matched,0.998862,True,WAV2VEC2_ASR_BASE_960H,greedy_ctc_collapse
1919-142785-0005,additive_noise,medium,MODE,matched,0.9988,True,WAV2VEC2_ASR_BASE_960H,greedy_ctc_collapse
1919-142785-0005,additive_noise,medium,PARE,matched,0.781425,False,WAV2VEC2_ASR_BASE_960H,greedy_ctc_collapse
1919-142785-0005,additive_noise,medium,AND,matched,0.9917,True,WAV2VEC2_ASR_BASE_960H,greedy_ctc_collapse
1919-142785-0005,additive_noise,medium,SLICE,matched,0.99346,True,WAV2VEC2_ASR_BASE_960H,greedy_ctc_collapse
1919-142785-0005,additive_noise,medium,THE,matched,0.889867,True,WAV2VEC2_ASR_BASE_960H,greedy_ctc_collapse
1919-142785-0005,additive_noise,medium,CUCUMBERS,matched,0.975367,True,WAV2VEC2_ASR_BASE_960H,greedy_ctc_collapse
1919-142785-0005,additive_noise,medium,AS,matched,0.93655,True,WAV2VEC2_ASR_BASE_960H,greedy_ctc_collapse
1919-142785-0005,additive_noise,medium,FOR,matched,0.992167,True,WAV2VEC2_ASR_BASE_960H,greedy_ctc_collapse
1919-142785-0005,additive_noise,medium,THE,matched,0.972933,True,WAV2VEC2_ASR_BASE_960H,greedy_ctc_collapse
1919-142785-0005,additive_noise,medium,TABLE,matched,0.99996,True,WAV2VEC2_ASR_BASE_960H,greedy_ctc_collapse
1919-142785-0005,additive_noise,medium,SPRINKLE,matched,0.98975,True,WAV2VEC2_ASR_BASE_960H,greedy_ctc_collapse
1919-142785-0005,additive_noise,medium,WELL,matched,0.99905,True,WAV2VEC2_ASR_BASE_960H,greedy_ctc_collapse
1919-142785-0005,additive_noise,medium,WITH,matched,0.984675,True,WAV2VEC2_ASR_BASE_960H,greedy_ctc_collapse
1919-142785-0005,additive_noise,medium,SALT,matched,0.947925,True,WAV2VEC2_ASR_BASE_960H,greedy_ctc_collapse
1919-142785-0005,additive_noise,medium,AND,matched,0.972933,True,WAV2VEC2_ASR_BASE_960H,greedy_ctc_collapse
1919-142785-0005,additive_noise,medium,LET,matched,0.999933,True,WAV2VEC2_ASR_BASE_960H,greedy_ctc_collapse
1919-142785-0005,additive_noise,medium,THEM,matched,0.997725,True,WAV2VEC2_ASR_BASE_960H,greedy_ctc_collapse
1919-142785-0005,additive_noise,medium,REMAIN,matched,0.797933,True,WAV2VEC2_ASR_BASE_960H,greedy_ctc_collapse
1919-142785-0005,additive_noise,medium,FOR,matched,0.974233,True,WAV2VEC2_ASR_BASE_960H,greedy_ctc_collapse
1919-142785-0005,additive_noise,medium,TWENTY,matched,0.99995,True,WAV2VEC2_ASR_BASE_960H,greedy_ctc_collapse
1919-142785-0005,additive_noise,medium,FOUR,matched,0.9903,True,WAV2VEC2_ASR_BASE_960H,greedy_ctc_collapse
1919-142785-0005,additive_noise,medium,HOURS,matched,0.99646,True,WAV2VEC2_ASR_BASE_960H,greedy_ctc_collapse
1919-142785-0005,additive_noise,medium,STRAIN,matched,0.9189,True,WAV2VEC2_ASR_BASE_960H,greedy_ctc_collapse
1919-142785-0005,additive_noise,medium,OFF,matched,0.999633,True,WAV2VEC2_ASR_BASE_960H,greedy_ctc_collapse
1919-142785-0005,additive_noise,medium,THE,matched,0.987833,True,WAV2VEC2_ASR_BASE_960H,greedy_ctc_collapse
1919-142785-0005,additive_noise,medium,LIQUOR,matched,0.859617,True,WAV2VEC2_ASR_BASE_960H,greedy_ctc_collapse
1919-142785-0005,additive_noise,medium,PACK,matched,0.911175,False,WAV2VEC2_ASR_BASE_960H,greedy_ctc_collapse
1919-142785-0005,additive_noise,medium,IN,matched,0.989,True,WAV2VEC2_ASR_BASE_960H,greedy_ctc_collapse
1919-142785-0005,additive_noise,medium,JARS,matched,0.999825,True,WAV2VEC2_ASR_BASE_960H,greedy_ctc_collapse
1919-142785-0005,additive_noise,medium,A,matched,0.998,True,WAV2VEC2_ASR_BASE_960H,greedy_ctc_collapse
1919-142785-0005,additive_noise,medium,THICK,matched,0.99972,True,WAV2VEC2_ASR_BASE_960H,greedy_ctc_collapse
1919-142785-0005,additive_noise,medium,LAYER,matched,0.83838,True,WAV2VEC2_ASR_BASE_960H,greedy_ctc_collapse
1919-142785-0005,additive_noise,medium,OF,matched,0.98395,True,WAV2VEC2_ASR_BASE_960H,greedy_ctc_collapse
1919-142785-0005,additive_noise,medium,CUCUMBERS,matched,0.989722,True,WAV2VEC2_ASR_BASE_960H,greedy_ctc_collapse
1919-142785-0005,additive_noise,medium,AND,matched,0.771733,True,WAV2VEC2_ASR_BASE_960H,greedy_ctc_collapse
1919-142785-0005,additive_noise,medium,SALT,matched,0.999875,True,WAV2VEC2_ASR_BASE_960H,greedy_ctc_collapse
1919-142785-0005,additive_noise,medium,ALTERNATELY,matched,0.938636,True,WAV2VEC2_ASR_BASE_960H,greedy_ctc_collapse
1919-142785-0005,additive_noise,medium,TIE,matched,0.986633,True,WAV2VEC2_ASR_BASE_960H,greedy_ctc_collapse
1919-142785-0005,additive_noise,medium,DOWN,matched,0.999975,True,WAV2VEC2_ASR_BASE_960H,greedy_ctc_collapse
1919-142785-0005,additive_noise,medium,CLOSELY,matched,0.999929,True,WAV2VEC2_ASR_BASE_960H,greedy_ctc_collapse
1919-142785-0005,additive_noise,medium,AND,matched,0.984233,True,WAV2VEC2_ASR_BASE_960H,greedy_ctc_collapse
1919-142785-0005,additive_noise,medium,WHEN,matched,0.99975,True,WAV2VEC2_ASR_BASE_960H,greedy_ctc_collapse
1919-142785-0005,additive_noise,medium,WANTED,matched,0.9054,True,WAV2VEC2_ASR_BASE_960H,greedy_ctc_collapse
1919-142785-0005,additive_noise,medium,FOR,matched,0.9995,True,WAV2VEC2_ASR_BASE_960H,greedy_ctc_collapse
1919-142785-0005,additive_noise,medium,USE,matched,0.999767,True,WAV2VEC2_ASR_BASE_960H,greedy_ctc_collapse
1919-142785-0005,additive_noise,medium,TAKE,matched,0.8898,True,WAV2VEC2_ASR_BASE_960H,greedy_ctc_collapse
1919-142785-0005,additive_noise,medium,OUT,matched,0.59365,False,WAV2VEC2_ASR_BASE_960H,greedy_ctc_collapse
1919-142785-0005,additive_noise,medium,THE,matched,0.9772,True,WAV2VEC2_ASR_BASE_960H,greedy_ctc_collapse
1919-142785-0005,additive_noise,medium,QUANTITY,matched,0.9992,True,WAV2VEC2_ASR_BASE_960H,greedy_ctc_collapse
1919-142785-0005,additive_noise,medium,REQUIRED,matched,0.971638,True,WAV2VEC2_ASR_BASE_960H,greedy_ctc_collapse
1919-142785-0005,additive_noise,severe,MODE,matched,0.5949,False,WAV2VEC2_ASR_BASE_960H,greedy_ctc_collapse
1919-142785-0005,additive_noise,severe,PARE,matched,0.621833,False,WAV2VEC2_ASR_BASE_960H,greedy_ctc_collapse
1919-142785-0005,additive_noise,severe,AND,matched,0.347167,False,WAV2VEC2_ASR_BASE_960H,greedy_ctc_collapse
1919-142785-0005,additive_noise,severe,SLICE,matched,0.4075,False,WAV2VEC2_ASR_BASE_960H,greedy_ctc_collapse
1919-142785-0005,additive_noise,severe,THE,matched,0.35425,False,WAV2VEC2_ASR_BASE_960H,greedy_ctc_collapse
1919-142785-0005,additive_noise,severe,CUCUMBERS,matched,0.2869,False,WAV2VEC2_ASR_BASE_960H,greedy_ctc_collapse
1919-142785-0005,additive_noise,severe,AS,matched,0.3118,False,WAV2VEC2_ASR_BASE_960H,greedy_ctc_collapse
1919-142785-0005,additive_noise,severe,FOR,matched,0.4052,False,WAV2VEC2_ASR_BASE_960H,greedy_ctc_collapse
1919-142785-0005,additive_noise,severe,THE,matched,0.3253,False,WAV2VEC2_ASR_BASE_960H,greedy_ctc_collapse
1919-142785-0005,additive_noise,severe,TABLE,matched,0.39005,False,WAV2VEC2_ASR_BASE_960H,greedy_ctc_collapse
1919-142785-0005,additive_noise,severe,SPRINKLE,matched,0.31575,False,WAV2VEC2_ASR_BASE_960H,greedy_ctc_collapse
1919-142785-0005,additive_noise,severe,WELL,matched,0.3889,False,WAV2VEC2_ASR_BASE_960H,greedy_ctc_collapse
1919-142785-0005,additive_noise,severe,WITH,matched,0.4019,False,WAV2VEC2_ASR_BASE_960H,greedy_ctc_collapse
1919-142785-0005,additive_noise,severe,SALT,matched,0.3011,False,WAV2VEC2_ASR_BASE_960H,greedy_ctc_collapse
1919-142785-0005,additive_noise,severe,AND,matched,0.379233,False,WAV2VEC2_ASR_BASE_960H,greedy_ctc_collapse
1919-142785-0005,additive_noise,severe,LET,matched,0.61195,False,WAV2VEC2_ASR_BASE_960H,greedy_ctc_collapse
1919-142785-0005,additive_noise,severe,THEM,matched,0.421575,False,WAV2VEC2_ASR_BASE_960H,greedy_ctc_collapse
1919-142785-0005,additive_noise,severe,REMAIN,matched,0.3689,False,WAV2VEC2_ASR_BASE_960H,greedy_ctc_collapse
1919-142785-0005,additive_noise,severe,FOR,matched,0.6896,True,WAV2VEC2_ASR_BASE_960H,greedy_ctc_collapse
1919-142785-0005,additive_noise,severe,TWENTY,matched,0.764033,False,WAV2VEC2_ASR_BASE_960H,greedy_ctc_collapse
1919-142785-0005,additive_noise,severe,FOUR,matched,0.426133,False,WAV2VEC2_ASR_BASE_960H,greedy_ctc_collapse
1919-142785-0005,additive_noise,severe,HOURS,matched,0.60925,False,WAV2VEC2_ASR_BASE_960H,greedy_ctc_collapse
1919-142785-0005,additive_noise,severe,STRAIN,matched,0.3296,False,WAV2VEC2_ASR_BASE_960H,greedy_ctc_collapse
1919-142785-0005,additive_noise,severe,OFF,matched,0.3062,False,WAV2VEC2_ASR_BASE_960H,greedy_ctc_collapse
1919-142785-0005,additive_noise,severe,THE,matched,0.37115,False,WAV2VEC2_ASR_BASE_960H,greedy_ctc_collapse
1919-142785-0005,additive_noise,severe,LIQUOR,matched,0.4144,False,WAV2VEC2_ASR_BASE_960H,greedy_ctc_collapse
1919-142785-0005,additive_noise,severe,PACK,matched,0.3214,False,WAV2VEC2_ASR_BASE_960H,greedy_ctc_collapse
1919-142785-0005,additive_noise,severe,IN,matched,0.3702,False,WAV2VEC2_ASR_BASE_960H,greedy_ctc_collapse
1919-142785-0005,additive_noise,severe,JARS,matched,0.3556,False,WAV2VEC2_ASR_BASE_960H,greedy_ctc_collapse
1919-142785-0005,additive_noise,severe,A,matched,0.6777,True,WAV2VEC2_ASR_BASE_960H,greedy_ctc_collapse
1919-142785-0005,additive_noise,severe,THICK,matched,0.2722,False,WAV2VEC2_ASR_BASE_960H,greedy_ctc_collapse
1919-142785-0005,additive_noise,severe,LAYER,matched,0.3583,False,WAV2VEC2_ASR_BASE_960H,greedy_ctc_collapse
1919-142785-0005,additive_noise,severe,OF,matched,0.4139,False,WAV2VEC2_ASR_BASE_960H,greedy_ctc_collapse
1919-142785-0005,additive_noise,severe,CUCUMBERS,matched,0.4144,False,WAV2VEC2_ASR_BASE_960H,greedy_ctc_collapse
1919-142785-0005,additive_noise,severe,AND,matched,0.3252,False,WAV2VEC2_ASR_BASE_960H,greedy_ctc_collapse
1919-142785-0005,additive_noise,severe,SALT,matched,0.59375,False,WAV2VEC2_ASR_BASE_960H,greedy_ctc_collapse
1919-142785-0005,additive_noise,severe,ALTERNATELY,matched,0.553233,False,WAV2VEC2_ASR_BASE_960H,greedy_ctc_collapse
1919-142785-0005,additive_noise,severe,TIE,matched,0.36325,False,WAV2VEC2_ASR_BASE_960H,greedy_ctc_collapse
1919-142785-0005,additive_noise,severe,DOWN,matched,0.33715,False,WAV2VEC2_ASR_BASE_960H,greedy_ctc_collapse
1919-142785-0005,additive_noise,severe,CLOSELY,matched,0.6376,False,WAV2VEC2_ASR_BASE_960H,greedy_ctc_collapse
1919-142785-0005,additive_noise,severe,AND,matched,0.44675,False,WAV2VEC2_ASR_BASE_960H,greedy_ctc_collapse
1919-142785-0005,additive_noise,severe,WHEN,matched,0.4094,False,WAV2VEC2_ASR_BASE_960H,greedy_ctc_collapse
1919-142785-0005,additive_noise,severe,WANTED,matched,0.323433,False,WAV2VEC2_ASR_BASE_960H,greedy_ctc_collapse
1919-142785-0005,additive_noise,severe,FOR,matched,0.36055,False,WAV2VEC2_ASR_BASE_960H,greedy_ctc_collapse
1919-142785-0005,additive_noise,severe,USE,matched,0.3315,False,WAV2VEC2_ASR_BASE_960H,greedy_ctc_collapse
1919-142785-0005,additive_noise,severe,TAKE,matched,0.2802,False,WAV2VEC2_ASR_BASE_960H,greedy_ctc_collapse
1919-142785-0005,additive_noise,severe,OUT,matched,0.3745,False,WAV2VEC2_ASR_BASE_960H,greedy_ctc_collapse
1919-142785-0005,additive_noise,severe,THE,matched,0.3721,False,WAV2VEC2_ASR_BASE_960H,greedy_ctc_collapse
1919-142785-0005,additive_noise,severe,QUANTITY,matched,0.3145,False,WAV2VEC2_ASR_BASE_960H,greedy_ctc_collapse
1919-142785-0005,additive_noise,severe,REQUIRED,matched,0.680375,False,WAV2VEC2_ASR_BASE_960H,greedy_ctc_collapse
1919-142785-0005,clipping,mild,MODE,matched,0.99835,True,WAV2VEC2_ASR_BASE_960H,greedy_ctc_collapse
1919-142785-0005,clipping,mild,PARE,matched,0.84455,True,WAV2VEC2_ASR_BASE_960H,greedy_ctc_collapse
1919-142785-0005,clipping,mild,AND,matched,0.9962,True,WAV2VEC2_ASR_BASE_960H,greedy_ctc_collapse
1919-142785-0005,clipping,mild,SLICE,matched,0.97556,True,WAV2VEC2_ASR_BASE_960H,greedy_ctc_collapse
1919-142785-0005,clipping,mild,THE,matched,0.8885,True,WAV2VEC2_ASR_BASE_960H,greedy_ctc_collapse
1919-142785-0005,clipping,mild,CUCUMBERS,matched,0.999878,True,WAV2VEC2_ASR_BASE_960H,greedy_ctc_collapse
1919-142785-0005,clipping,mild,AS,matched,0.99445,True,WAV2VEC2_ASR_BASE_960H,greedy_ctc_collapse
1919-142785-0005,clipping,mild,FOR,matched,0.999467,True,WAV2VEC2_ASR_BASE_960H,greedy_ctc_collapse
1919-142785-0005,clipping,mild,THE,matched,0.992267,True,WAV2VEC2_ASR_BASE_960H,greedy_ctc_collapse
1919-142785-0005,clipping,mild,TABLE,matched,0.87354,True,WAV2VEC2_ASR_BASE_960H,greedy_ctc_collapse
1919-142785-0005,clipping,mild,SPRINKLE,matched,0.998825,True,WAV2VEC2_ASR_BASE_960H,greedy_ctc_collapse
1919-142785-0005,clipping,mild,WELL,matched,0.99985,True,WAV2VEC2_ASR_BASE_960H,greedy_ctc_collapse
1919-142785-0005,clipping,mild,WITH,matched,0.982325,True,WAV2VEC2_ASR_BASE_960H,greedy_ctc_collapse
1919-142785-0005,clipping,mild,SALT,matched,0.9619,True,WAV2VEC2_ASR_BASE_960H,greedy_ctc_collapse
1919-142785-0005,clipping,mild,AND,matched,0.992767,True,WAV2VEC2_ASR_BASE_960H,greedy_ctc_collapse
1919-142785-0005,clipping,mild,LET,matched,0.9995,True,WAV2VEC2_ASR_BASE_960H,greedy_ctc_collapse
1919-142785-0005,clipping,mild,THEM,matched,0.990925,True,WAV2VEC2_ASR_BASE_960H,greedy_ctc_collapse
1919-142785-0005,clipping,mild,REMAIN,matched,0.961083,True,WAV2VEC2_ASR_BASE_960H,greedy_ctc_collapse
1919-142785-0005,clipping,mild,FOR,matched,0.999467,True,WAV2VEC2_ASR_BASE_960H,greedy_ctc_collapse
1919-142785-0005,clipping,mild,TWENTY,matched,0.999967,True,WAV2VEC2_ASR_BASE_960H,greedy_ctc_collapse
1919-142785-0005,clipping,mild,FOUR,matched,0.968075,True,WAV2VEC2_ASR_BASE_960H,greedy_ctc_collapse
1919-142785-0005,clipping,mild,HOURS,matched,0.99414,True,WAV2VEC2_ASR_BASE_960H,greedy_ctc_collapse
1919-142785-0005,clipping,mild,STRAIN,matched,0.999567,True,WAV2VEC2_ASR_BASE_960H,greedy_ctc_collapse
1919-142785-0005,clipping,mild,OFF,matched,0.999933,True,WAV2VEC2_ASR_BASE_960H,greedy_ctc_collapse
1919-142785-0005,clipping,mild,THE,matched,0.999433,True,WAV2VEC2_ASR_BASE_960H,greedy_ctc_collapse
1919-142785-0005,clipping,mild,LIQUOR,matched,0.960683,True,WAV2VEC2_ASR_BASE_960H,greedy_ctc_collapse
1919-142785-0005,clipping,mild,PACK,matched,0.999325,True,WAV2VEC2_ASR_BASE_960H,greedy_ctc_collapse
1919-142785-0005,clipping,mild,IN,matched,0.99985,True,WAV2VEC2_ASR_BASE_960H,greedy_ctc_collapse
1919-142785-0005,clipping,mild,JARS,matched,0.9625,True,WAV2VEC2_ASR_BASE_960H,greedy_ctc_collapse
1919-142785-0005,clipping,mild,A,matched,0.9995,True,WAV2VEC2_ASR_BASE_960H,greedy_ctc_collapse
1919-142785-0005,clipping,mild,THICK,matched,0.90458,True,WAV2VEC2_ASR_BASE_960H,greedy_ctc_collapse
1919-142785-0005,clipping,mild,LAYER,matched,0.8733,True,WAV2VEC2_ASR_BASE_960H,greedy_ctc_collapse
1919-142785-0005,clipping,mild,OF,matched,0.9997,True,WAV2VEC2_ASR_BASE_960H,greedy_ctc_collapse
1919-142785-0005,clipping,mild,CUCUMBERS,matched,0.999833,True,WAV2VEC2_ASR_BASE_960H,greedy_ctc_collapse
1919-142785-0005,clipping,mild,AND,matched,0.826433,True,WAV2VEC2_ASR_BASE_960H,greedy_ctc_collapse
1919-142785-0005,clipping,mild,SALT,matched,0.979925,True,WAV2VEC2_ASR_BASE_960H,greedy_ctc_collapse
1919-142785-0005,clipping,mild,ALTERNATELY,matched,0.997482,True,WAV2VEC2_ASR_BASE_960H,greedy_ctc_collapse
1919-142785-0005,clipping,mild,TIE,matched,0.990833,True,WAV2VEC2_ASR_BASE_960H,greedy_ctc_collapse
1919-142785-0005,clipping,mild,DOWN,matched,1.0,True,WAV2VEC2_ASR_BASE_960H,greedy_ctc_collapse
1919-142785-0005,clipping,mild,CLOSELY,matched,0.999943,True,WAV2VEC2_ASR_BASE_960H,greedy_ctc_collapse
1919-142785-0005,clipping,mild,AND,matched,0.988767,True,WAV2VEC2_ASR_BASE_960H,greedy_ctc_collapse
1919-142785-0005,clipping,mild,WHEN,matched,0.9982,True,WAV2VEC2_ASR_BASE_960H,greedy_ctc_collapse
1919-142785-0005,clipping,mild,WANTED,matched,0.986583,True,WAV2VEC2_ASR_BASE_960H,greedy_ctc_collapse
1919-142785-0005,clipping,mild,FOR,matched,0.9883,True,WAV2VEC2_ASR_BASE_960H,greedy_ctc_collapse
1919-142785-0005,clipping,mild,USE,matched,0.999867,True,WAV2VEC2_ASR_BASE_960H,greedy_ctc_collapse
1919-142785-0005,clipping,mild,TAKE,matched,0.964475,True,WAV2VEC2_ASR_BASE_960H,greedy_ctc_collapse
1919-142785-0005,clipping,mild,OUT,matched,0.9589,True,WAV2VEC2_ASR_BASE_960H,greedy_ctc_collapse
1919-142785-0005,clipping,mild,THE,matched,0.990633,True,WAV2VEC2_ASR_BASE_960H,greedy_ctc_collapse
1919-142785-0005,clipping,mild,QUANTITY,matched,0.999238,True,WAV2VEC2_ASR_BASE_960H,greedy_ctc_collapse
1919-142785-0005,clipping,mild,REQUIRED,matched,0.959738,True,WAV2VEC2_ASR_BASE_960H,greedy_ctc_collapse
1919-142785-0005,clipping,medium,MODE,matched,0.999475,True,WAV2VEC2_ASR_BASE_960H,greedy_ctc_collapse
1919-142785-0005,clipping,medium,PARE,matched,0.90095,True,WAV2VEC2_ASR_BASE_960H,greedy_ctc_collapse
1919-142785-0005,clipping,medium,AND,matched,0.9963,True,WAV2VEC2_ASR_BASE_960H,greedy_ctc_collapse
1919-142785-0005,clipping,medium,SLICE,matched,0.992,True,WAV2VEC2_ASR_BASE_960H,greedy_ctc_collapse
1919-142785-0005,clipping,medium,THE,matched,0.888967,True,WAV2VEC2_ASR_BASE_960H,greedy_ctc_collapse
1919-142785-0005,clipping,medium,CUCUMBERS,matched,0.999878,True,WAV2VEC2_ASR_BASE_960H,greedy_ctc_collapse
1919-142785-0005,clipping,medium,AS,matched,0.99315,True,WAV2VEC2_ASR_BASE_960H,greedy_ctc_collapse
1919-142785-0005,clipping,medium,FOR,matched,0.9994,True,WAV2VEC2_ASR_BASE_960H,greedy_ctc_collapse
1919-142785-0005,clipping,medium,THE,matched,0.9923,True,WAV2VEC2_ASR_BASE_960H,greedy_ctc_collapse
1919-142785-0005,clipping,medium,TABLE,matched,0.84644,True,WAV2VEC2_ASR_BASE_960H,greedy_ctc_collapse
1919-142785-0005,clipping,medium,SPRINKLE,matched,0.999025,True,WAV2VEC2_ASR_BASE_960H,greedy_ctc_collapse
1919-142785-0005,clipping,medium,WELL,matched,0.99985,True,WAV2VEC2_ASR_BASE_960H,greedy_ctc_collapse
1919-142785-0005,clipping,medium,WITH,matched,0.9874,True,WAV2VEC2_ASR_BASE_960H,greedy_ctc_collapse
1919-142785-0005,clipping,medium,SALT,matched,0.95315,True,WAV2VEC2_ASR_BASE_960H,greedy_ctc_collapse
1919-142785-0005,clipping,medium,AND,matched,0.993067,True,WAV2VEC2_ASR_BASE_960H,greedy_ctc_collapse
1919-142785-0005,clipping,medium,LET,matched,0.9997,True,WAV2VEC2_ASR_BASE_960H,greedy_ctc_collapse
1919-142785-0005,clipping,medium,THEM,matched,0.9891,True,WAV2VEC2_ASR_BASE_960H,greedy_ctc_collapse
1919-142785-0005,clipping,medium,REMAIN,matched,0.9576,True,WAV2VEC2_ASR_BASE_960H,greedy_ctc_collapse
1919-142785-0005,clipping,medium,FOR,matched,0.9995,True,WAV2VEC2_ASR_BASE_960H,greedy_ctc_collapse
1919-142785-0005,clipping,medium,TWENTY,matched,0.99995,True,WAV2VEC2_ASR_BASE_960H,greedy_ctc_collapse
1919-142785-0005,clipping,medium,FOUR,matched,0.9688,True,WAV2VEC2_ASR_BASE_960H,greedy_ctc_collapse
1919-142785-0005,clipping,medium,HOURS,matched,0.99436,True,WAV2VEC2_ASR_BASE_960H,greedy_ctc_collapse
1919-142785-0005,clipping,medium,STRAIN,matched,0.999633,True,WAV2VEC2_ASR_BASE_960H,greedy_ctc_collapse
1919-142785-0005,clipping,medium,OFF,matched,0.999933,True,WAV2VEC2_ASR_BASE_960H,greedy_ctc_collapse
1919-142785-0005,clipping,medium,THE,matched,0.999567,True,WAV2VEC2_ASR_BASE_960H,greedy_ctc_collapse
1919-142785-0005,clipping,medium,LIQUOR,matched,0.955717,True,WAV2VEC2_ASR_BASE_960H,greedy_ctc_collapse
1919-142785-0005,clipping,medium,PACK,matched,0.999375,True,WAV2VEC2_ASR_BASE_960H,greedy_ctc_collapse
1919-142785-0005,clipping,medium,IN,matched,0.99985,True,WAV2VEC2_ASR_BASE_960H,greedy_ctc_collapse
1919-142785-0005,clipping,medium,JARS,matched,0.96925,True,WAV2VEC2_ASR_BASE_960H,greedy_ctc_collapse
1919-142785-0005,clipping,medium,A,matched,0.9995,True,WAV2VEC2_ASR_BASE_960H,greedy_ctc_collapse
1919-142785-0005,clipping,medium,THICK,matched,0.98478,True,WAV2VEC2_ASR_BASE_960H,greedy_ctc_collapse
1919-142785-0005,clipping,medium,LAYER,matched,0.90166,True,WAV2VEC2_ASR_BASE_960H,greedy_ctc_collapse
1919-142785-0005,clipping,medium,OF,matched,0.9997,True,WAV2VEC2_ASR_BASE_960H,greedy_ctc_collapse
1919-142785-0005,clipping,medium,CUCUMBERS,matched,0.999789,True,WAV2VEC2_ASR_BASE_960H,greedy_ctc_collapse
1919-142785-0005,clipping,medium,AND,matched,0.824733,True,WAV2VEC2_ASR_BASE_960H,greedy_ctc_collapse
1919-142785-0005,clipping,medium,SALT,matched,0.97575,True,WAV2VEC2_ASR_BASE_960H,greedy_ctc_collapse
1919-142785-0005,clipping,medium,ALTERNATELY,matched,0.996445,True,WAV2VEC2_ASR_BASE_960H,greedy_ctc_collapse
1919-142785-0005,clipping,medium,TIE,matched,0.994267,True,WAV2VEC2_ASR_BASE_960H,greedy_ctc_collapse
1919-142785-0005,clipping,medium,DOWN,matched,1.0,True,WAV2VEC2_ASR_BASE_960H,greedy_ctc_collapse
1919-142785-0005,clipping,medium,CLOSELY,matched,0.999957,True,WAV2VEC2_ASR_BASE_960H,greedy_ctc_collapse
1919-142785-0005,clipping,medium,AND,matched,0.987667,True,WAV2VEC2_ASR_BASE_960H,greedy_ctc_collapse
1919-142785-0005,clipping,medium,WHEN,matched,0.999225,True,WAV2VEC2_ASR_BASE_960H,greedy_ctc_collapse
1919-142785-0005,clipping,medium,WANTED,matched,0.98735,True,WAV2VEC2_ASR_BASE_960H,greedy_ctc_collapse
1919-142785-0005,clipping,medium,FOR,matched,0.989367,True,WAV2VEC2_ASR_BASE_960H,greedy_ctc_collapse
1919-142785-0005,clipping,medium,USE,matched,0.999867,True,WAV2VEC2_ASR_BASE_960H,greedy_ctc_collapse
1919-142785-0005,clipping,medium,TAKE,matched,0.9763,True,WAV2VEC2_ASR_BASE_960H,greedy_ctc_collapse
1919-142785-0005,clipping,medium,OUT,matched,0.935333,True,WAV2VEC2_ASR_BASE_960H,greedy_ctc_collapse
1919-142785-0005,clipping,medium,THE,matched,0.990033,True,WAV2VEC2_ASR_BASE_960H,greedy_ctc_collapse
1919-142785-0005,clipping,medium,QUANTITY,matched,0.999112,True,WAV2VEC2_ASR_BASE_960H,greedy_ctc_collapse
1919-142785-0005,clipping,medium,REQUIRED,matched,0.960263,True,WAV2VEC2_ASR_BASE_960H,greedy_ctc_collapse
1919-142785-0005,clipping,severe,MODE,matched,0.999375,True,WAV2VEC2_ASR_BASE_960H,greedy_ctc_collapse
1919-142785-0005,clipping,severe,PARE,matched,0.901425,True,WAV2VEC2_ASR_BASE_960H,greedy_ctc_collapse
1919-142785-0005,clipping,severe,AND,matched,0.993267,True,WAV2VEC2_ASR_BASE_960H,greedy_ctc_collapse
1919-142785-0005,clipping,severe,SLICE,matched,0.99264,True,WAV2VEC2_ASR_BASE_960H,greedy_ctc_collapse
1919-142785-0005,clipping,severe,THE,matched,0.958833,True,WAV2VEC2_ASR_BASE_960H,greedy_ctc_collapse
1919-142785-0005,clipping,severe,CUCUMBERS,matched,0.999822,True,WAV2VEC2_ASR_BASE_960H,greedy_ctc_collapse
1919-142785-0005,clipping,severe,AS,matched,0.9703,True,WAV2VEC2_ASR_BASE_960H,greedy_ctc_collapse
1919-142785-0005,clipping,severe,FOR,matched,0.999667,True,WAV2VEC2_ASR_BASE_960H,greedy_ctc_collapse
1919-142785-0005,clipping,severe,THE,matched,0.989133,True,WAV2VEC2_ASR_BASE_960H,greedy_ctc_collapse
1919-142785-0005,clipping,severe,TABLE,matched,0.99722,True,WAV2VEC2_ASR_BASE_960H,greedy_ctc_collapse
1919-142785-0005,clipping,severe,SPRINKLE,matched,0.9989,True,WAV2VEC2_ASR_BASE_960H,greedy_ctc_collapse
1919-142785-0005,clipping,severe,WELL,matched,0.999175,True,WAV2VEC2_ASR_BASE_960H,greedy_ctc_collapse
1919-142785-0005,clipping,severe,WITH,matched,0.999575,True,WAV2VEC2_ASR_BASE_960H,greedy_ctc_collapse
1919-142785-0005,clipping,severe,SALT,matched,0.851375,True,WAV2VEC2_ASR_BASE_960H,greedy_ctc_collapse
1919-142785-0005,clipping,severe,AND,matched,0.991733,True,WAV2VEC2_ASR_BASE_960H,greedy_ctc_collapse
1919-142785-0005,clipping,severe,LET,matched,0.9998,True,WAV2VEC2_ASR_BASE_960H,greedy_ctc_collapse
1919-142785-0005,clipping,severe,THEM,matched,0.995925,True,WAV2VEC2_ASR_BASE_960H,greedy_ctc_collapse
1919-142785-0005,clipping,severe,REMAIN,matched,0.932767,True,WAV2VEC2_ASR_BASE_960H,greedy_ctc_collapse
1919-142785-0005,clipping,severe,FOR,matched,0.999033,True,WAV2VEC2_ASR_BASE_960H,greedy_ctc_collapse
1919-142785-0005,clipping,severe,TWENTY,matched,0.999933,True,WAV2VEC2_ASR_BASE_960H,greedy_ctc_collapse
1919-142785-0005,clipping,severe,FOUR,matched,0.999175,True,WAV2VEC2_ASR_BASE_960H,greedy_ctc_collapse
1919-142785-0005,clipping,severe,HOURS,matched,0.99996,True,WAV2VEC2_ASR_BASE_960H,greedy_ctc_collapse
1919-142785-0005,clipping,severe,STRAIN,matched,0.999967,True,WAV2VEC2_ASR_BASE_960H,greedy_ctc_collapse
1919-142785-0005,clipping,severe,OFF,matched,0.999933,True,WAV2VEC2_ASR_BASE_960H,greedy_ctc_collapse
1919-142785-0005,clipping,severe,THE,matched,0.999333,True,WAV2VEC2_ASR_BASE_960H,greedy_ctc_collapse
1919-142785-0005,clipping,severe,LIQUOR,matched,0.969467,True,WAV2VEC2_ASR_BASE_960H,greedy_ctc_collapse
1919-142785-0005,clipping,severe,PACK,matched,0.999275,True,WAV2VEC2_ASR_BASE_960H,greedy_ctc_collapse
1919-142785-0005,clipping,severe,IN,matched,0.99975,True,WAV2VEC2_ASR_BASE_960H,greedy_ctc_collapse
1919-142785-0005,clipping,severe,JARS,matched,0.996175,True,WAV2VEC2_ASR_BASE_960H,greedy_ctc_collapse
1919-142785-0005,clipping,severe,A,matched,0.9991,True,WAV2VEC2_ASR_BASE_960H,greedy_ctc_collapse
1919-142785-0005,clipping,severe,THICK,matched,0.91254,True,WAV2VEC2_ASR_BASE_960H,greedy_ctc_collapse
1919-142785-0005,clipping,severe,LAYER,matched,0.93656,True,WAV2VEC2_ASR_BASE_960H,greedy_ctc_collapse
1919-142785-0005,clipping,severe,OF,matched,0.9992,True,WAV2VEC2_ASR_BASE_960H,greedy_ctc_collapse
1919-142785-0005,clipping,severe,CUCUMBERS,matched,0.995867,True,WAV2VEC2_ASR_BASE_960H,greedy_ctc_collapse
1919-142785-0005,clipping,severe,AND,matched,0.8409,True,WAV2VEC2_ASR_BASE_960H,greedy_ctc_collapse
1919-142785-0005,clipping,severe,SALT,matched,0.9466,True,WAV2VEC2_ASR_BASE_960H,greedy_ctc_collapse
1919-142785-0005,clipping,severe,ALTERNATELY,matched,0.976373,True,WAV2VEC2_ASR_BASE_960H,greedy_ctc_collapse
1919-142785-0005,clipping,severe,TIE,matched,0.999833,True,WAV2VEC2_ASR_BASE_960H,greedy_ctc_collapse
1919-142785-0005,clipping,severe,DOWN,matched,0.999975,True,WAV2VEC2_ASR_BASE_960H,greedy_ctc_collapse
1919-142785-0005,clipping,severe,CLOSELY,matched,0.999957,True,WAV2VEC2_ASR_BASE_960H,greedy_ctc_collapse
1919-142785-0005,clipping,severe,AND,matched,0.940267,True,WAV2VEC2_ASR_BASE_960H,greedy_ctc_collapse
1919-142785-0005,clipping,severe,WHEN,matched,0.9935,True,WAV2VEC2_ASR_BASE_960H,greedy_ctc_collapse
1919-142785-0005,clipping,severe,WANTED,matched,0.998117,True,WAV2VEC2_ASR_BASE_960H,greedy_ctc_collapse
1919-142785-0005,clipping,severe,FOR,matched,0.999233,True,WAV2VEC2_ASR_BASE_960H,greedy_ctc_collapse
1919-142785-0005,clipping,severe,USE,matched,0.999967,True,WAV2VEC2_ASR_BASE_960H,greedy_ctc_collapse
1919-142785-0005,clipping,severe,TAKE,matched,0.972,True,WAV2VEC2_ASR_BASE_960H,greedy_ctc_collapse
1919-142785-0005,clipping,severe,OUT,matched,0.958,True,WAV2VEC2_ASR_BASE_960H,greedy_ctc_collapse
1919-142785-0005,clipping,severe,THE,matched,0.9877,True,WAV2VEC2_ASR_BASE_960H,greedy_ctc_collapse
1919-142785-0005,clipping,severe,QUANTITY,matched,0.972688,True,WAV2VEC2_ASR_BASE_960H,greedy_ctc_collapse
1919-142785-0005,clipping,severe,REQUIRED,matched,0.999862,True,WAV2VEC2_ASR_BASE_960H,greedy_ctc_collapse
1919-142785-0005,bandwidth,mild,MODE,matched,0.9998,True,WAV2VEC2_ASR_BASE_960H,greedy_ctc_collapse
1919-142785-0005,bandwidth,mild,PARE,matched,0.839125,True,WAV2VEC2_ASR_BASE_960H,greedy_ctc_collapse
1919-142785-0005,bandwidth,mild,AND,matched,0.992533,True,WAV2VEC2_ASR_BASE_960H,greedy_ctc_collapse
1919-142785-0005,bandwidth,mild,SLICE,matched,0.9309,True,WAV2VEC2_ASR_BASE_960H,greedy_ctc_collapse
1919-142785-0005,bandwidth,mild,THE,matched,0.7756,False,WAV2VEC2_ASR_BASE_960H,greedy_ctc_collapse
1919-142785-0005,bandwidth,mild,CUCUMBERS,matched,0.999844,True,WAV2VEC2_ASR_BASE_960H,greedy_ctc_collapse
1919-142785-0005,bandwidth,mild,AS,matched,0.99975,True,WAV2VEC2_ASR_BASE_960H,greedy_ctc_collapse
1919-142785-0005,bandwidth,mild,FOR,matched,0.999433,True,WAV2VEC2_ASR_BASE_960H,greedy_ctc_collapse
1919-142785-0005,bandwidth,mild,THE,matched,0.990533,True,WAV2VEC2_ASR_BASE_960H,greedy_ctc_collapse
1919-142785-0005,bandwidth,mild,TABLE,matched,0.89056,True,WAV2VEC2_ASR_BASE_960H,greedy_ctc_collapse
1919-142785-0005,bandwidth,mild,SPRINKLE,matched,0.999375,True,WAV2VEC2_ASR_BASE_960H,greedy_ctc_collapse
1919-142785-0005,bandwidth,mild,WELL,matched,0.9067,True,WAV2VEC2_ASR_BASE_960H,greedy_ctc_collapse
1919-142785-0005,bandwidth,mild,WITH,matched,0.998125,True,WAV2VEC2_ASR_BASE_960H,greedy_ctc_collapse
1919-142785-0005,bandwidth,mild,SALT,matched,0.9923,True,WAV2VEC2_ASR_BASE_960H,greedy_ctc_collapse
1919-142785-0005,bandwidth,mild,AND,matched,0.996567,True,WAV2VEC2_ASR_BASE_960H,greedy_ctc_collapse
1919-142785-0005,bandwidth,mild,LET,matched,0.9997,True,WAV2VEC2_ASR_BASE_960H,greedy_ctc_collapse
1919-142785-0005,bandwidth,mild,THEM,matched,0.99825,True,WAV2VEC2_ASR_BASE_960H,greedy_ctc_collapse
1919-142785-0005,bandwidth,mild,REMAIN,matched,0.999983,True,WAV2VEC2_ASR_BASE_960H,greedy_ctc_collapse
1919-142785-0005,bandwidth,mild,FOR,matched,0.9978,True,WAV2VEC2_ASR_BASE_960H,greedy_ctc_collapse
1919-142785-0005,bandwidth,mild,TWENTY,matched,0.99995,True,WAV2VEC2_ASR_BASE_960H,greedy_ctc_collapse
1919-142785-0005,bandwidth,mild,FOUR,matched,0.9993,True,WAV2VEC2_ASR_BASE_960H,greedy_ctc_collapse
1919-142785-0005,bandwidth,mild,HOURS,matched,0.99674,True,WAV2VEC2_ASR_BASE_960H,greedy_ctc_collapse
1919-142785-0005,bandwidth,mild,STRAIN,matched,0.998367,True,WAV2VEC2_ASR_BASE_960H,greedy_ctc_collapse
1919-142785-0005,bandwidth,mild,OFF,matched,0.999933,True,WAV2VEC2_ASR_BASE_960H,greedy_ctc_collapse
1919-142785-0005,bandwidth,mild,THE,matched,0.999233,True,WAV2VEC2_ASR_BASE_960H,greedy_ctc_collapse
1919-142785-0005,bandwidth,mild,LIQUOR,matched,0.914317,True,WAV2VEC2_ASR_BASE_960H,greedy_ctc_collapse
1919-142785-0005,bandwidth,mild,PACK,matched,0.998,True,WAV2VEC2_ASR_BASE_960H,greedy_ctc_collapse
1919-142785-0005,bandwidth,mild,IN,matched,0.99985,True,WAV2VEC2_ASR_BASE_960H,greedy_ctc_collapse
1919-142785-0005,bandwidth,mild,JARS,matched,0.9997,True,WAV2VEC2_ASR_BASE_960H,greedy_ctc_collapse
1919-142785-0005,bandwidth,mild,A,matched,0.9996,True,WAV2VEC2_ASR_BASE_960H,greedy_ctc_collapse
1919-142785-0005,bandwidth,mild,THICK,matched,0.98918,True,WAV2VEC2_ASR_BASE_960H,greedy_ctc_collapse
1919-142785-0005,bandwidth,mild,LAYER,matched,0.92258,True,WAV2VEC2_ASR_BASE_960H,greedy_ctc_collapse
1919-142785-0005,bandwidth,mild,OF,matched,0.99975,True,WAV2VEC2_ASR_BASE_960H,greedy_ctc_collapse
1919-142785-0005,bandwidth,mild,CUCUMBERS,matched,0.989956,True,WAV2VEC2_ASR_BASE_960H,greedy_ctc_collapse
1919-142785-0005,bandwidth,mild,AND,matched,0.7976,True,WAV2VEC2_ASR_BASE_960H,greedy_ctc_collapse
1919-142785-0005,bandwidth,mild,SALT,matched,0.93865,True,WAV2VEC2_ASR_BASE_960H,greedy_ctc_collapse
1919-142785-0005,bandwidth,mild,ALTERNATELY,matched,0.999791,True,WAV2VEC2_ASR_BASE_960H,greedy_ctc_collapse
1919-142785-0005,bandwidth,mild,TIE,matched,0.958233,True,WAV2VEC2_ASR_BASE_960H,greedy_ctc_collapse
1919-142785-0005,bandwidth,mild,DOWN,matched,0.999975,True,WAV2VEC2_ASR_BASE_960H,greedy_ctc_collapse
1919-142785-0005,bandwidth,mild,CLOSELY,matched,0.994543,True,WAV2VEC2_ASR_BASE_960H,greedy_ctc_collapse
1919-142785-0005,bandwidth,mild,AND,matched,0.990967,True,WAV2VEC2_ASR_BASE_960H,greedy_ctc_collapse
1919-142785-0005,bandwidth,mild,WHEN,matched,0.999625,True,WAV2VEC2_ASR_BASE_960H,greedy_ctc_collapse
1919-142785-0005,bandwidth,mild,WANTED,matched,0.951067,True,WAV2VEC2_ASR_BASE_960H,greedy_ctc_collapse
1919-142785-0005,bandwidth,mild,FOR,matched,0.892867,True,WAV2VEC2_ASR_BASE_960H,greedy_ctc_collapse
1919-142785-0005,bandwidth,mild,USE,matched,0.9998,True,WAV2VEC2_ASR_BASE_960H,greedy_ctc_collapse
1919-142785-0005,bandwidth,mild,TAKE,matched,0.996375,True,WAV2VEC2_ASR_BASE_960H,greedy_ctc_collapse
1919-142785-0005,bandwidth,mild,OUT,matched,0.920633,True,WAV2VEC2_ASR_BASE_960H,greedy_ctc_collapse
1919-142785-0005,bandwidth,mild,THE,matched,0.984567,True,WAV2VEC2_ASR_BASE_960H,greedy_ctc_collapse
1919-142785-0005,bandwidth,mild,QUANTITY,matched,0.949075,True,WAV2VEC2_ASR_BASE_960H,greedy_ctc_collapse
1919-142785-0005,bandwidth,mild,REQUIRED,matched,0.999325,True,WAV2VEC2_ASR_BASE_960H,greedy_ctc_collapse
1919-142785-0005,bandwidth,medium,MODE,matched,0.999825,True,WAV2VEC2_ASR_BASE_960H,greedy_ctc_collapse
1919-142785-0005,bandwidth,medium,PARE,matched,0.81195,True,WAV2VEC2_ASR_BASE_960H,greedy_ctc_collapse
1919-142785-0005,bandwidth,medium,AND,matched,0.995767,True,WAV2VEC2_ASR_BASE_960H,greedy_ctc_collapse
1919-142785-0005,bandwidth,medium,SLICE,matched,0.9654,True,WAV2VEC2_ASR_BASE_960H,greedy_ctc_collapse
1919-142785-0005,bandwidth,medium,THE,matched,0.571,False,WAV2VEC2_ASR_BASE_960H,greedy_ctc_collapse
1919-142785-0005,bandwidth,medium,CUCUMBERS,matched,0.999889,True,WAV2VEC2_ASR_BASE_960H,greedy_ctc_collapse
1919-142785-0005,bandwidth,medium,AS,matched,0.99395,True,WAV2VEC2_ASR_BASE_960H,greedy_ctc_collapse
1919-142785-0005,bandwidth,medium,FOR,matched,0.999233,True,WAV2VEC2_ASR_BASE_960H,greedy_ctc_collapse
1919-142785-0005,bandwidth,medium,THE,matched,0.9911,True,WAV2VEC2_ASR_BASE_960H,greedy_ctc_collapse
1919-142785-0005,bandwidth,medium,TABLE,matched,0.9998,True,WAV2VEC2_ASR_BASE_960H,greedy_ctc_collapse
1919-142785-0005,bandwidth,medium,SPRINKLE,matched,0.979838,True,WAV2VEC2_ASR_BASE_960H,greedy_ctc_collapse
1919-142785-0005,bandwidth,medium,WELL,matched,0.9633,True,WAV2VEC2_ASR_BASE_960H,greedy_ctc_collapse
1919-142785-0005,bandwidth,medium,WITH,matched,0.954925,True,WAV2VEC2_ASR_BASE_960H,greedy_ctc_collapse
1919-142785-0005,bandwidth,medium,SALT,matched,0.9829,True,WAV2VEC2_ASR_BASE_960H,greedy_ctc_collapse
1919-142785-0005,bandwidth,medium,AND,matched,0.995633,True,WAV2VEC2_ASR_BASE_960H,greedy_ctc_collapse
1919-142785-0005,bandwidth,medium,LET,matched,0.999967,True,WAV2VEC2_ASR_BASE_960H,greedy_ctc_collapse
1919-142785-0005,bandwidth,medium,THEM,matched,0.9991,True,WAV2VEC2_ASR_BASE_960H,greedy_ctc_collapse
1919-142785-0005,bandwidth,medium,REMAIN,matched,1.0,True,WAV2VEC2_ASR_BASE_960H,greedy_ctc_collapse
1919-142785-0005,bandwidth,medium,FOR,matched,0.998567,True,WAV2VEC2_ASR_BASE_960H,greedy_ctc_collapse
1919-142785-0005,bandwidth,medium,TWENTY,matched,0.999933,True,WAV2VEC2_ASR_BASE_960H,greedy_ctc_collapse
1919-142785-0005,bandwidth,medium,FOUR,matched,0.998825,True,WAV2VEC2_ASR_BASE_960H,greedy_ctc_collapse
1919-142785-0005,bandwidth,medium,HOURS,matched,0.95334,True,WAV2VEC2_ASR_BASE_960H,greedy_ctc_collapse
1919-142785-0005,bandwidth,medium,STRAIN,matched,0.95965,True,WAV2VEC2_ASR_BASE_960H,greedy_ctc_collapse
1919-142785-0005,bandwidth,medium,OFF,matched,0.999933,True,WAV2VEC2_ASR_BASE_960H,greedy_ctc_collapse
1919-142785-0005,bandwidth,medium,THE,matched,0.9994,True,WAV2VEC2_ASR_BASE_960H,greedy_ctc_collapse
1919-142785-0005,bandwidth,medium,LIQUOR,matched,0.90115,True,WAV2VEC2_ASR_BASE_960H,greedy_ctc_collapse
1919-142785-0005,bandwidth,medium,PACK,matched,0.981725,True,WAV2VEC2_ASR_BASE_960H,greedy_ctc_collapse
1919-142785-0005,bandwidth,medium,IN,matched,0.99985,True,WAV2VEC2_ASR_BASE_960H,greedy_ctc_collapse
1919-142785-0005,bandwidth,medium,JARS,matched,0.998925,True,WAV2VEC2_ASR_BASE_960H,greedy_ctc_collapse
1919-142785-0005,bandwidth,medium,A,matched,0.9996,True,WAV2VEC2_ASR_BASE_960H,greedy_ctc_collapse
1919-142785-0005,bandwidth,medium,THICK,matched,0.99764,True,WAV2VEC2_ASR_BASE_960H,greedy_ctc_collapse
1919-142785-0005,bandwidth,medium,LAYER,matched,0.90974,True,WAV2VEC2_ASR_BASE_960H,greedy_ctc_collapse
1919-142785-0005,bandwidth,medium,OF,matched,0.99965,True,WAV2VEC2_ASR_BASE_960H,greedy_ctc_collapse
1919-142785-0005,bandwidth,medium,CUCUMBERS,matched,0.981478,True,WAV2VEC2_ASR_BASE_960H,greedy_ctc_collapse
1919-142785-0005,bandwidth,medium,AND,matched,0.968267,True,WAV2VEC2_ASR_BASE_960H,greedy_ctc_collapse
1919-142785-0005,bandwidth,medium,SALT,matched,0.931375,True,WAV2VEC2_ASR_BASE_960H,greedy_ctc_collapse
1919-142785-0005,bandwidth,medium,ALTERNATELY,matched,0.999845,True,WAV2VEC2_ASR_BASE_960H,greedy_ctc_collapse
1919-142785-0005,bandwidth,medium,TIE,matched,0.9473,True,WAV2VEC2_ASR_BASE_960H,greedy_ctc_collapse
1919-142785-0005,bandwidth,medium,DOWN,matched,0.999975,True,WAV2VEC2_ASR_BASE_960H,greedy_ctc_collapse
1919-142785-0005,bandwidth,medium,CLOSELY,matched,0.999157,True,WAV2VEC2_ASR_BASE_960H,greedy_ctc_collapse
1919-142785-0005,bandwidth,medium,AND,matched,0.913933,True,WAV2VEC2_ASR_BASE_960H,greedy_ctc_collapse
1919-142785-0005,bandwidth,medium,WHEN,matched,0.9951,True,WAV2VEC2_ASR_BASE_960H,greedy_ctc_collapse
1919-142785-0005,bandwidth,medium,WANTED,matched,0.994817,True,WAV2VEC2_ASR_BASE_960H,greedy_ctc_collapse
1919-142785-0005,bandwidth,medium,FOR,matched,0.954133,True,WAV2VEC2_ASR_BASE_960H,greedy_ctc_collapse
1919-142785-0005,bandwidth,medium,USE,matched,0.9999,True,WAV2VEC2_ASR_BASE_960H,greedy_ctc_collapse
1919-142785-0005,bandwidth,medium,TAKE,matched,0.991125,True,WAV2VEC2_ASR_BASE_960H,greedy_ctc_collapse
1919-142785-0005,bandwidth,medium,OUT,matched,0.8901,True,WAV2VEC2_ASR_BASE_960H,greedy_ctc_collapse
1919-142785-0005,bandwidth,medium,THE,matched,0.984933,True,WAV2VEC2_ASR_BASE_960H,greedy_ctc_collapse
1919-142785-0005,bandwidth,medium,QUANTITY,matched,0.999825,True,WAV2VEC2_ASR_BASE_960H,greedy_ctc_collapse
1919-142785-0005,bandwidth,medium,REQUIRED,matched,0.998088,True,WAV2VEC2_ASR_BASE_960H,greedy_ctc_collapse
1919-142785-0005,bandwidth,severe,MODE,matched,0.999725,True,WAV2VEC2_ASR_BASE_960H,greedy_ctc_collapse
1919-142785-0005,bandwidth,severe,PARE,matched,0.698625,True,WAV2VEC2_ASR_BASE_960H,greedy_ctc_collapse
1919-142785-0005,bandwidth,severe,AND,matched,0.9324,True,WAV2VEC2_ASR_BASE_960H,greedy_ctc_collapse
1919-142785-0005,bandwidth,severe,SLICE,deleted,,,WAV2VEC2_ASR_BASE_960H,greedy_ctc_collapse
1919-142785-0005,bandwidth,severe,THE,matched,0.97322,False,WAV2VEC2_ASR_BASE_960H,greedy_ctc_collapse
1919-142785-0005,bandwidth,severe,CUCUMBERS,matched,0.95946,False,WAV2VEC2_ASR_BASE_960H,greedy_ctc_collapse
1919-142785-0005,bandwidth,severe,AS,matched,0.99655,True,WAV2VEC2_ASR_BASE_960H,greedy_ctc_collapse
1919-142785-0005,bandwidth,severe,FOR,matched,0.998267,True,WAV2VEC2_ASR_BASE_960H,greedy_ctc_collapse
1919-142785-0005,bandwidth,severe,THE,matched,0.9667,True,WAV2VEC2_ASR_BASE_960H,greedy_ctc_collapse
1919-142785-0005,bandwidth,severe,TABLE,matched,0.89108,True,WAV2VEC2_ASR_BASE_960H,greedy_ctc_collapse
1919-142785-0005,bandwidth,severe,SPRINKLE,matched,0.995587,True,WAV2VEC2_ASR_BASE_960H,greedy_ctc_collapse
1919-142785-0005,bandwidth,severe,WELL,matched,0.93395,True,WAV2VEC2_ASR_BASE_960H,greedy_ctc_collapse
1919-142785-0005,bandwidth,severe,WITH,matched,0.9858,True,WAV2VEC2_ASR_BASE_960H,greedy_ctc_collapse
1919-142785-0005,bandwidth,severe,SALT,matched,0.9953,True,WAV2VEC2_ASR_BASE_960H,greedy_ctc_collapse
1919-142785-0005,bandwidth,severe,AND,matched,0.986433,True,WAV2VEC2_ASR_BASE_960H,greedy_ctc_collapse
1919-142785-0005,bandwidth,severe,LET,matched,0.996633,True,WAV2VEC2_ASR_BASE_960H,greedy_ctc_collapse
1919-142785-0005,bandwidth,severe,THEM,matched,0.99745,True,WAV2VEC2_ASR_BASE_960H,greedy_ctc_collapse
1919-142785-0005,bandwidth,severe,REMAIN,matched,0.9487,True,WAV2VEC2_ASR_BASE_960H,greedy_ctc_collapse
1919-142785-0005,bandwidth,severe,FOR,matched,0.9991,True,WAV2VEC2_ASR_BASE_960H,greedy_ctc_collapse
1919-142785-0005,bandwidth,severe,TWENTY,matched,0.9996,True,WAV2VEC2_ASR_BASE_960H,greedy_ctc_collapse
1919-142785-0005,bandwidth,severe,FOUR,matched,0.99755,True,WAV2VEC2_ASR_BASE_960H,greedy_ctc_collapse
1919-142785-0005,bandwidth,severe,HOURS,matched,0.98788,True,WAV2VEC2_ASR_BASE_960H,greedy_ctc_collapse
1919-142785-0005,bandwidth,severe,STRAIN,matched,0.996733,True,WAV2VEC2_ASR_BASE_960H,greedy_ctc_collapse
1919-142785-0005,bandwidth,severe,OFF,matched,0.999733,True,WAV2VEC2_ASR_BASE_960H,greedy_ctc_collapse
1919-142785-0005,bandwidth,severe,THE,matched,0.9801,True,WAV2VEC2_ASR_BASE_960H,greedy_ctc_collapse
1919-142785-0005,bandwidth,severe,LIQUOR,matched,0.85805,True,WAV2VEC2_ASR_BASE_960H,greedy_ctc_collapse
1919-142785-0005,bandwidth,severe,PACK,matched,0.869733,False,WAV2VEC2_ASR_BASE_960H,greedy_ctc_collapse
1919-142785-0005,bandwidth,severe,IN,matched,0.99845,True,WAV2VEC2_ASR_BASE_960H,greedy_ctc_collapse
1919-142785-0005,bandwidth,severe,JARS,matched,0.9967,True,WAV2VEC2_ASR_BASE_960H,greedy_ctc_collapse
1919-142785-0005,bandwidth,severe,A,matched,0.9987,True,WAV2VEC2_ASR_BASE_960H,greedy_ctc_collapse
1919-142785-0005,bandwidth,severe,THICK,matched,0.99672,True,WAV2VEC2_ASR_BASE_960H,greedy_ctc_collapse
1919-142785-0005,bandwidth,severe,LAYER,matched,0.848633,False,WAV2VEC2_ASR_BASE_960H,greedy_ctc_collapse
1919-142785-0005,bandwidth,severe,OF,matched,0.99635,True,WAV2VEC2_ASR_BASE_960H,greedy_ctc_collapse
1919-142785-0005,bandwidth,severe,CUCUMBERS,matched,0.8572,False,WAV2VEC2_ASR_BASE_960H,greedy_ctc_collapse
1919-142785-0005,bandwidth,severe,AND,matched,0.941667,True,WAV2VEC2_ASR_BASE_960H,greedy_ctc_collapse
1919-142785-0005,bandwidth,severe,SALT,matched,0.98085,True,WAV2VEC2_ASR_BASE_960H,greedy_ctc_collapse
1919-142785-0005,bandwidth,severe,ALTERNATELY,matched,0.991818,True,WAV2VEC2_ASR_BASE_960H,greedy_ctc_collapse
1919-142785-0005,bandwidth,severe,TIE,matched,0.9757,True,WAV2VEC2_ASR_BASE_960H,greedy_ctc_collapse
1919-142785-0005,bandwidth,severe,DOWN,matched,0.9992,True,WAV2VEC2_ASR_BASE_960H,greedy_ctc_collapse
1919-142785-0005,bandwidth,severe,CLOSELY,matched,0.998943,True,WAV2VEC2_ASR_BASE_960H,greedy_ctc_collapse
1919-142785-0005,bandwidth,severe,AND,matched,0.970367,True,WAV2VEC2_ASR_BASE_960H,greedy_ctc_collapse
1919-142785-0005,bandwidth,severe,WHEN,matched,0.998,True,WAV2VEC2_ASR_BASE_960H,greedy_ctc_collapse
1919-142785-0005,bandwidth,severe,WANTED,matched,0.9003,True,WAV2VEC2_ASR_BASE_960H,greedy_ctc_collapse
1919-142785-0005,bandwidth,severe,FOR,matched,0.993833,True,WAV2VEC2_ASR_BASE_960H,greedy_ctc_collapse
1919-142785-0005,bandwidth,severe,USE,matched,0.998567,True,WAV2VEC2_ASR_BASE_960H,greedy_ctc_collapse
1919-142785-0005,bandwidth,severe,TAKE,matched,0.99575,True,WAV2VEC2_ASR_BASE_960H,greedy_ctc_collapse
1919-142785-0005,bandwidth,severe,OUT,matched,0.9609,True,WAV2VEC2_ASR_BASE_960H,greedy_ctc_collapse
1919-142785-0005,bandwidth,severe,THE,matched,0.969767,True,WAV2VEC2_ASR_BASE_960H,greedy_ctc_collapse
1919-142785-0005,bandwidth,severe,QUANTITY,matched,0.9736,True,WAV2VEC2_ASR_BASE_960H,greedy_ctc_collapse
1919-142785-0005,bandwidth,severe,REQUIRED,matched,0.997262,True,WAV2VEC2_ASR_BASE_960H,greedy_ctc_collapse
1919-142785-0005,dropout,mild,MODE,matched,0.99775,True,WAV2VEC2_ASR_BASE_960H,greedy_ctc_collapse
1919-142785-0005,dropout,mild,PARE,matched,0.969825,True,WAV2VEC2_ASR_BASE_960H,greedy_ctc_collapse
1919-142785-0005,dropout,mild,AND,matched,0.995633,True,WAV2VEC2_ASR_BASE_960H,greedy_ctc_collapse
1919-142785-0005,dropout,mild,SLICE,matched,0.994,True,WAV2VEC2_ASR_BASE_960H,greedy_ctc_collapse
1919-142785-0005,dropout,mild,THE,matched,0.8489,True,WAV2VEC2_ASR_BASE_960H,greedy_ctc_collapse
1919-142785-0005,dropout,mild,CUCUMBERS,matched,0.999878,True,WAV2VEC2_ASR_BASE_960H,greedy_ctc_collapse
1919-142785-0005,dropout,mild,AS,matched,0.99495,True,WAV2VEC2_ASR_BASE_960H,greedy_ctc_collapse
1919-142785-0005,dropout,mild,FOR,matched,0.999467,True,WAV2VEC2_ASR_BASE_960H,greedy_ctc_collapse
1919-142785-0005,dropout,mild,THE,matched,0.992567,True,WAV2VEC2_ASR_BASE_960H,greedy_ctc_collapse
1919-142785-0005,dropout,mild,TABLE,matched,0.8676,True,WAV2VEC2_ASR_BASE_960H,greedy_ctc_collapse
1919-142785-0005,dropout,mild,SPRINKLE,matched,0.999012,True,WAV2VEC2_ASR_BASE_960H,greedy_ctc_collapse
1919-142785-0005,dropout,mild,WELL,matched,0.99985,True,WAV2VEC2_ASR_BASE_960H,greedy_ctc_collapse
1919-142785-0005,dropout,mild,WITH,matched,0.980375,True,WAV2VEC2_ASR_BASE_960H,greedy_ctc_collapse
1919-142785-0005,dropout,mild,SALT,matched,0.95125,True,WAV2VEC2_ASR_BASE_960H,greedy_ctc_collapse
1919-142785-0005,dropout,mild,AND,matched,0.993333,True,WAV2VEC2_ASR_BASE_960H,greedy_ctc_collapse
1919-142785-0005,dropout,mild,LET,matched,0.999533,True,WAV2VEC2_ASR_BASE_960H,greedy_ctc_collapse
1919-142785-0005,dropout,mild,THEM,matched,0.991325,True,WAV2VEC2_ASR_BASE_960H,greedy_ctc_collapse
1919-142785-0005,dropout,mild,REMAIN,matched,0.959917,True,WAV2VEC2_ASR_BASE_960H,greedy_ctc_collapse
1919-142785-0005,dropout,mild,FOR,matched,0.9995,True,WAV2VEC2_ASR_BASE_960H,greedy_ctc_collapse
1919-142785-0005,dropout,mild,TWENTY,matched,0.999967,True,WAV2VEC2_ASR_BASE_960H,greedy_ctc_collapse
1919-142785-0005,dropout,mild,FOUR,matched,0.96285,True,WAV2VEC2_ASR_BASE_960H,greedy_ctc_collapse
1919-142785-0005,dropout,mild,HOURS,matched,0.99472,True,WAV2VEC2_ASR_BASE_960H,greedy_ctc_collapse
1919-142785-0005,dropout,mild,STRAIN,matched,0.999567,True,WAV2VEC2_ASR_BASE_960H,greedy_ctc_collapse
1919-142785-0005,dropout,mild,OFF,matched,0.999933,True,WAV2VEC2_ASR_BASE_960H,greedy_ctc_collapse
1919-142785-0005,dropout,mild,THE,matched,0.9994,True,WAV2VEC2_ASR_BASE_960H,greedy_ctc_collapse
1919-142785-0005,dropout,mild,LIQUOR,matched,0.958167,True,WAV2VEC2_ASR_BASE_960H,greedy_ctc_collapse
1919-142785-0005,dropout,mild,PACK,matched,0.99915,True,WAV2VEC2_ASR_BASE_960H,greedy_ctc_collapse
1919-142785-0005,dropout,mild,IN,matched,0.9999,True,WAV2VEC2_ASR_BASE_960H,greedy_ctc_collapse
1919-142785-0005,dropout,mild,JARS,matched,0.95035,True,WAV2VEC2_ASR_BASE_960H,greedy_ctc_collapse
1919-142785-0005,dropout,mild,A,matched,0.9995,True,WAV2VEC2_ASR_BASE_960H,greedy_ctc_collapse
1919-142785-0005,dropout,mild,THICK,matched,0.90624,True,WAV2VEC2_ASR_BASE_960H,greedy_ctc_collapse
1919-142785-0005,dropout,mild,LAYER,matched,0.86896,True,WAV2VEC2_ASR_BASE_960H,greedy_ctc_collapse
1919-142785-0005,dropout,mild,OF,matched,0.9997,True,WAV2VEC2_ASR_BASE_960H,greedy_ctc_collapse
1919-142785-0005,dropout,mild,CUCUMBERS,matched,0.999822,True,WAV2VEC2_ASR_BASE_960H,greedy_ctc_collapse
1919-142785-0005,dropout,mild,AND,matched,0.830367,True,WAV2VEC2_ASR_BASE_960H,greedy_ctc_collapse
1919-142785-0005,dropout,mild,SALT,matched,0.9818,True,WAV2VEC2_ASR_BASE_960H,greedy_ctc_collapse
1919-142785-0005,dropout,mild,ALTERNATELY,matched,0.997455,True,WAV2VEC2_ASR_BASE_960H,greedy_ctc_collapse
1919-142785-0005,dropout,mild,TIE,matched,0.9928,True,WAV2VEC2_ASR_BASE_960H,greedy_ctc_collapse
1919-142785-0005,dropout,mild,DOWN,matched,1.0,True,WAV2VEC2_ASR_BASE_960H,greedy_ctc_collapse
1919-142785-0005,dropout,mild,CLOSELY,matched,0.9999,True,WAV2VEC2_ASR_BASE_960H,greedy_ctc_collapse
1919-142785-0005,dropout,mild,AND,matched,0.989533,True,WAV2VEC2_ASR_BASE_960H,greedy_ctc_collapse
1919-142785-0005,dropout,mild,WHEN,matched,0.998075,True,WAV2VEC2_ASR_BASE_960H,greedy_ctc_collapse
1919-142785-0005,dropout,mild,WANTED,matched,0.99015,True,WAV2VEC2_ASR_BASE_960H,greedy_ctc_collapse
1919-142785-0005,dropout,mild,FOR,matched,0.9919,True,WAV2VEC2_ASR_BASE_960H,greedy_ctc_collapse
1919-142785-0005,dropout,mild,USE,matched,0.999867,True,WAV2VEC2_ASR_BASE_960H,greedy_ctc_collapse
1919-142785-0005,dropout,mild,TAKE,matched,0.952625,True,WAV2VEC2_ASR_BASE_960H,greedy_ctc_collapse
1919-142785-0005,dropout,mild,OUT,matched,0.962267,True,WAV2VEC2_ASR_BASE_960H,greedy_ctc_collapse
1919-142785-0005,dropout,mild,THE,matched,0.990767,True,WAV2VEC2_ASR_BASE_960H,greedy_ctc_collapse
1919-142785-0005,dropout,mild,QUANTITY,matched,0.999425,True,WAV2VEC2_ASR_BASE_960H,greedy_ctc_collapse
1919-142785-0005,dropout,mild,REQUIRED,matched,0.961013,True,WAV2VEC2_ASR_BASE_960H,greedy_ctc_collapse
1919-142785-0005,dropout,medium,MODE,matched,0.997175,True,WAV2VEC2_ASR_BASE_960H,greedy_ctc_collapse
1919-142785-0005,dropout,medium,PARE,matched,0.909875,True,WAV2VEC2_ASR_BASE_960H,greedy_ctc_collapse
1919-142785-0005,dropout,medium,AND,matched,0.982567,True,WAV2VEC2_ASR_BASE_960H,greedy_ctc_collapse
1919-142785-0005,dropout,medium,SLICE,matched,0.98608,True,WAV2VEC2_ASR_BASE_960H,greedy_ctc_collapse
1919-142785-0005,dropout,medium,THE,matched,0.910067,True,WAV2VEC2_ASR_BASE_960H,greedy_ctc_collapse
1919-142785-0005,dropout,medium,CUCUMBERS,matched,0.999867,True,WAV2VEC2_ASR_BASE_960H,greedy_ctc_collapse
1919-142785-0005,dropout,medium,AS,matched,0.99575,True,WAV2VEC2_ASR_BASE_960H,greedy_ctc_collapse
1919-142785-0005,dropout,medium,FOR,matched,0.999067,True,WAV2VEC2_ASR_BASE_960H,greedy_ctc_collapse
1919-142785-0005,dropout,medium,THE,matched,0.990433,True,WAV2VEC2_ASR_BASE_960H,greedy_ctc_collapse
1919-142785-0005,dropout,medium,TABLE,matched,0.96164,True,WAV2VEC2_ASR_BASE_960H,greedy_ctc_collapse
1919-142785-0005,dropout,medium,SPRINKLE,matched,0.999175,True,WAV2VEC2_ASR_BASE_960H,greedy_ctc_collapse
1919-142785-0005,dropout,medium,WELL,matched,0.999825,True,WAV2VEC2_ASR_BASE_960H,greedy_ctc_collapse
1919-142785-0005,dropout,medium,WITH,matched,0.9898,True,WAV2VEC2_ASR_BASE_960H,greedy_ctc_collapse
1919-142785-0005,dropout,medium,SALT,matched,0.952275,True,WAV2VEC2_ASR_BASE_960H,greedy_ctc_collapse
1919-142785-0005,dropout,medium,AND,matched,0.994,True,WAV2VEC2_ASR_BASE_960H,greedy_ctc_collapse
1919-142785-0005,dropout,medium,LET,matched,0.999633,True,WAV2VEC2_ASR_BASE_960H,greedy_ctc_collapse
1919-142785-0005,dropout,medium,THEM,matched,0.984575,True,WAV2VEC2_ASR_BASE_960H,greedy_ctc_collapse
1919-142785-0005,dropout,medium,REMAIN,matched,0.958383,True,WAV2VEC2_ASR_BASE_960H,greedy_ctc_collapse
1919-142785-0005,dropout,medium,FOR,matched,0.9995,True,WAV2VEC2_ASR_BASE_960H,greedy_ctc_collapse
1919-142785-0005,dropout,medium,TWENTY,matched,0.99995,True,WAV2VEC2_ASR_BASE_960H,greedy_ctc_collapse
1919-142785-0005,dropout,medium,FOUR,matched,0.9402,True,WAV2VEC2_ASR_BASE_960H,greedy_ctc_collapse
1919-142785-0005,dropout,medium,HOURS,matched,0.9816,True,WAV2VEC2_ASR_BASE_960H,greedy_ctc_collapse
1919-142785-0005,dropout,medium,STRAIN,matched,0.99905,True,WAV2VEC2_ASR_BASE_960H,greedy_ctc_collapse
1919-142785-0005,dropout,medium,OFF,matched,0.999933,True,WAV2VEC2_ASR_BASE_960H,greedy_ctc_collapse
1919-142785-0005,dropout,medium,THE,matched,0.9943,True,WAV2VEC2_ASR_BASE_960H,greedy_ctc_collapse
1919-142785-0005,dropout,medium,LIQUOR,matched,0.90965,True,WAV2VEC2_ASR_BASE_960H,greedy_ctc_collapse
1919-142785-0005,dropout,medium,PACK,matched,0.99875,True,WAV2VEC2_ASR_BASE_960H,greedy_ctc_collapse
1919-142785-0005,dropout,medium,IN,matched,0.9999,True,WAV2VEC2_ASR_BASE_960H,greedy_ctc_collapse
1919-142785-0005,dropout,medium,JARS,matched,0.940475,True,WAV2VEC2_ASR_BASE_960H,greedy_ctc_collapse
1919-142785-0005,dropout,medium,A,matched,0.9995,True,WAV2VEC2_ASR_BASE_960H,greedy_ctc_collapse
1919-142785-0005,dropout,medium,THICK,matched,0.9888,True,WAV2VEC2_ASR_BASE_960H,greedy_ctc_collapse
1919-142785-0005,dropout,medium,LAYER,matched,0.87974,True,WAV2VEC2_ASR_BASE_960H,greedy_ctc_collapse
1919-142785-0005,dropout,medium,OF,matched,0.9996,True,WAV2VEC2_ASR_BASE_960H,greedy_ctc_collapse
1919-142785-0005,dropout,medium,CUCUMBERS,matched,0.999856,True,WAV2VEC2_ASR_BASE_960H,greedy_ctc_collapse
1919-142785-0005,dropout,medium,AND,matched,0.843633,True,WAV2VEC2_ASR_BASE_960H,greedy_ctc_collapse
1919-142785-0005,dropout,medium,SALT,matched,0.974975,True,WAV2VEC2_ASR_BASE_960H,greedy_ctc_collapse
1919-142785-0005,dropout,medium,ALTERNATELY,matched,0.994064,True,WAV2VEC2_ASR_BASE_960H,greedy_ctc_collapse
1919-142785-0005,dropout,medium,TIE,matched,0.9986,True,WAV2VEC2_ASR_BASE_960H,greedy_ctc_collapse
1919-142785-0005,dropout,medium,DOWN,matched,0.99715,True,WAV2VEC2_ASR_BASE_960H,greedy_ctc_collapse
1919-142785-0005,dropout,medium,CLOSELY,matched,0.9999,True,WAV2VEC2_ASR_BASE_960H,greedy_ctc_collapse
1919-142785-0005,dropout,medium,AND,matched,0.988633,True,WAV2VEC2_ASR_BASE_960H,greedy_ctc_collapse
1919-142785-0005,dropout,medium,WHEN,matched,0.997125,True,WAV2VEC2_ASR_BASE_960H,greedy_ctc_collapse
1919-142785-0005,dropout,medium,WANTED,matched,0.995617,True,WAV2VEC2_ASR_BASE_960H,greedy_ctc_collapse
1919-142785-0005,dropout,medium,FOR,matched,0.997033,True,WAV2VEC2_ASR_BASE_960H,greedy_ctc_collapse
1919-142785-0005,dropout,medium,USE,matched,0.999867,True,WAV2VEC2_ASR_BASE_960H,greedy_ctc_collapse
1919-142785-0005,dropout,medium,TAKE,matched,0.948375,True,WAV2VEC2_ASR_BASE_960H,greedy_ctc_collapse
1919-142785-0005,dropout,medium,OUT,matched,0.966767,True,WAV2VEC2_ASR_BASE_960H,greedy_ctc_collapse
1919-142785-0005,dropout,medium,THE,matched,0.989567,True,WAV2VEC2_ASR_BASE_960H,greedy_ctc_collapse
1919-142785-0005,dropout,medium,QUANTITY,matched,0.999138,True,WAV2VEC2_ASR_BASE_960H,greedy_ctc_collapse
1919-142785-0005,dropout,medium,REQUIRED,matched,0.945113,True,WAV2VEC2_ASR_BASE_960H,greedy_ctc_collapse
1919-142785-0005,dropout,severe,MODE,matched,0.99945,True,WAV2VEC2_ASR_BASE_960H,greedy_ctc_collapse
1919-142785-0005,dropout,severe,PARE,deleted,,,WAV2VEC2_ASR_BASE_960H,greedy_ctc_collapse
1919-142785-0005,dropout,severe,AND,matched,0.81378,False,WAV2VEC2_ASR_BASE_960H,greedy_ctc_collapse
1919-142785-0005,dropout,severe,SLICE,matched,0.99578,True,WAV2VEC2_ASR_BASE_960H,greedy_ctc_collapse
1919-142785-0005,dropout,severe,THE,matched,0.966333,True,WAV2VEC2_ASR_BASE_960H,greedy_ctc_collapse
1919-142785-0005,dropout,severe,CUCUMBERS,matched,0.999856,True,WAV2VEC2_ASR_BASE_960H,greedy_ctc_collapse
1919-142785-0005,dropout,severe,AS,matched,0.99645,True,WAV2VEC2_ASR_BASE_960H,greedy_ctc_collapse
1919-142785-0005,dropout,severe,FOR,matched,0.991467,True,WAV2VEC2_ASR_BASE_960H,greedy_ctc_collapse
1919-142785-0005,dropout,severe,THE,matched,0.985233,True,WAV2VEC2_ASR_BASE_960H,greedy_ctc_collapse
1919-142785-0005,dropout,severe,TABLE,matched,0.79788,True,WAV2VEC2_ASR_BASE_960H,greedy_ctc_collapse
1919-142785-0005,dropout,severe,SPRINKLE,matched,0.99925,True,WAV2VEC2_ASR_BASE_960H,greedy_ctc_collapse
1919-142785-0005,dropout,severe,WELL,matched,0.999925,True,WAV2VEC2_ASR_BASE_960H,greedy_ctc_collapse
1919-142785-0005,dropout,severe,WITH,matched,0.977475,True,WAV2VEC2_ASR_BASE_960H,greedy_ctc_collapse
1919-142785-0005,dropout,severe,SALT,matched,0.95345,True,WAV2VEC2_ASR_BASE_960H,greedy_ctc_collapse
1919-142785-0005,dropout,severe,AND,matched,0.994167,True,WAV2VEC2_ASR_BASE_960H,greedy_ctc_collapse
1919-142785-0005,dropout,severe,LET,matched,0.999833,True,WAV2VEC2_ASR_BASE_960H,greedy_ctc_collapse
1919-142785-0005,dropout,severe,THEM,matched,0.99285,True,WAV2VEC2_ASR_BASE_960H,greedy_ctc_collapse
1919-142785-0005,dropout,severe,REMAIN,matched,0.948083,True,WAV2VEC2_ASR_BASE_960H,greedy_ctc_collapse
1919-142785-0005,dropout,severe,FOR,matched,0.999533,True,WAV2VEC2_ASR_BASE_960H,greedy_ctc_collapse
1919-142785-0005,dropout,severe,TWENTY,matched,0.999983,True,WAV2VEC2_ASR_BASE_960H,greedy_ctc_collapse
1919-142785-0005,dropout,severe,FOUR,matched,0.911775,True,WAV2VEC2_ASR_BASE_960H,greedy_ctc_collapse
1919-142785-0005,dropout,severe,HOURS,matched,0.9726,True,WAV2VEC2_ASR_BASE_960H,greedy_ctc_collapse
1919-142785-0005,dropout,severe,STRAIN,matched,0.9994,True,WAV2VEC2_ASR_BASE_960H,greedy_ctc_collapse
1919-142785-0005,dropout,severe,OFF,matched,0.999933,True,WAV2VEC2_ASR_BASE_960H,greedy_ctc_collapse
1919-142785-0005,dropout,severe,THE,matched,0.9844,True,WAV2VEC2_ASR_BASE_960H,greedy_ctc_collapse
1919-142785-0005,dropout,severe,LIQUOR,matched,0.9977,True,WAV2VEC2_ASR_BASE_960H,greedy_ctc_collapse
1919-142785-0005,dropout,severe,PACK,matched,0.997825,True,WAV2VEC2_ASR_BASE_960H,greedy_ctc_collapse
1919-142785-0005,dropout,severe,IN,matched,0.99985,True,WAV2VEC2_ASR_BASE_960H,greedy_ctc_collapse
1919-142785-0005,dropout,severe,JARS,matched,0.99935,True,WAV2VEC2_ASR_BASE_960H,greedy_ctc_collapse
1919-142785-0005,dropout,severe,A,matched,0.9993,True,WAV2VEC2_ASR_BASE_960H,greedy_ctc_collapse
1919-142785-0005,dropout,severe,THICK,matched,0.951,True,WAV2VEC2_ASR_BASE_960H,greedy_ctc_collapse
1919-142785-0005,dropout,severe,LAYER,matched,0.96572,True,WAV2VEC2_ASR_BASE_960H,greedy_ctc_collapse
1919-142785-0005,dropout,severe,OF,matched,0.9993,True,WAV2VEC2_ASR_BASE_960H,greedy_ctc_collapse
1919-142785-0005,dropout,severe,CUCUMBERS,matched,0.96605,False,WAV2VEC2_ASR_BASE_960H,greedy_ctc_collapse
1919-142785-0005,dropout,severe,AND,matched,0.963767,True,WAV2VEC2_ASR_BASE_960H,greedy_ctc_collapse
1919-142785-0005,dropout,severe,SALT,matched,0.993875,True,WAV2VEC2_ASR_BASE_960H,greedy_ctc_collapse
1919-142785-0005,dropout,severe,ALTERNATELY,matched,0.9639,True,WAV2VEC2_ASR_BASE_960H,greedy_ctc_collapse
1919-142785-0005,dropout,severe,TIE,matched,0.9955,True,WAV2VEC2_ASR_BASE_960H,greedy_ctc_collapse
1919-142785-0005,dropout,severe,DOWN,deleted,,,WAV2VEC2_ASR_BASE_960H,greedy_ctc_collapse
1919-142785-0005,dropout,severe,CLOSELY,matched,0.999443,True,WAV2VEC2_ASR_BASE_960H,greedy_ctc_collapse
1919-142785-0005,dropout,severe,AND,matched,0.985267,True,WAV2VEC2_ASR_BASE_960H,greedy_ctc_collapse
1919-142785-0005,dropout,severe,WHEN,matched,0.991825,True,WAV2VEC2_ASR_BASE_960H,greedy_ctc_collapse
1919-142785-0005,dropout,severe,WANTED,matched,0.9977,True,WAV2VEC2_ASR_BASE_960H,greedy_ctc_collapse
1919-142785-0005,dropout,severe,FOR,matched,0.9998,True,WAV2VEC2_ASR_BASE_960H,greedy_ctc_collapse
1919-142785-0005,dropout,severe,USE,matched,0.999933,True,WAV2VEC2_ASR_BASE_960H,greedy_ctc_collapse
1919-142785-0005,dropout,severe,TAKE,matched,0.932175,True,WAV2VEC2_ASR_BASE_960H,greedy_ctc_collapse
1919-142785-0005,dropout,severe,OUT,matched,0.974633,True,WAV2VEC2_ASR_BASE_960H,greedy_ctc_collapse
1919-142785-0005,dropout,severe,THE,matched,0.988933,True,WAV2VEC2_ASR_BASE_960H,greedy_ctc_collapse
1919-142785-0005,dropout,severe,QUANTITY,matched,0.999888,True,WAV2VEC2_ASR_BASE_960H,greedy_ctc_collapse
1919-142785-0005,dropout,severe,REQUIRED,matched,0.962638,True,WAV2VEC2_ASR_BASE_960H,greedy_ctc_collapse
1919-142785-0005,reverberation,mild,MODE,matched,0.9982,True,WAV2VEC2_ASR_BASE_960H,greedy_ctc_collapse
1919-142785-0005,reverberation,mild,PARE,matched,0.984775,True,WAV2VEC2_ASR_BASE_960H,greedy_ctc_collapse
1919-142785-0005,reverberation,mild,AND,matched,0.996867,True,WAV2VEC2_ASR_BASE_960H,greedy_ctc_collapse
1919-142785-0005,reverberation,mild,SLICE,matched,0.99686,True,WAV2VEC2_ASR_BASE_960H,greedy_ctc_collapse
1919-142785-0005,reverberation,mild,THE,matched,0.923033,True,WAV2VEC2_ASR_BASE_960H,greedy_ctc_collapse
1919-142785-0005,reverberation,mild,CUCUMBERS,matched,0.9767,True,WAV2VEC2_ASR_BASE_960H,greedy_ctc_collapse
1919-142785-0005,reverberation,mild,AS,matched,0.93425,True,WAV2VEC2_ASR_BASE_960H,greedy_ctc_collapse
1919-142785-0005,reverberation,mild,FOR,matched,0.999233,True,WAV2VEC2_ASR_BASE_960H,greedy_ctc_collapse
1919-142785-0005,reverberation,mild,THE,matched,0.975967,True,WAV2VEC2_ASR_BASE_960H,greedy_ctc_collapse
1919-142785-0005,reverberation,mild,TABLE,matched,0.99988,True,WAV2VEC2_ASR_BASE_960H,greedy_ctc_collapse
1919-142785-0005,reverberation,mild,SPRINKLE,matched,0.999025,True,WAV2VEC2_ASR_BASE_960H,greedy_ctc_collapse
1919-142785-0005,reverberation,mild,WELL,matched,0.9996,True,WAV2VEC2_ASR_BASE_960H,greedy_ctc_collapse
1919-142785-0005,reverberation,mild,WITH,matched,0.999875,True,WAV2VEC2_ASR_BASE_960H,greedy_ctc_collapse
1919-142785-0005,reverberation,mild,SALT,matched,0.9955,True,WAV2VEC2_ASR_BASE_960H,greedy_ctc_collapse
1919-142785-0005,reverberation,mild,AND,matched,0.965467,True,WAV2VEC2_ASR_BASE_960H,greedy_ctc_collapse
1919-142785-0005,reverberation,mild,LET,matched,0.999133,True,WAV2VEC2_ASR_BASE_960H,greedy_ctc_collapse
1919-142785-0005,reverberation,mild,THEM,matched,0.9145,True,WAV2VEC2_ASR_BASE_960H,greedy_ctc_collapse
1919-142785-0005,reverberation,mild,REMAIN,matched,0.999917,True,WAV2VEC2_ASR_BASE_960H,greedy_ctc_collapse
1919-142785-0005,reverberation,mild,FOR,matched,0.9996,True,WAV2VEC2_ASR_BASE_960H,greedy_ctc_collapse
1919-142785-0005,reverberation,mild,TWENTY,matched,0.99955,True,WAV2VEC2_ASR_BASE_960H,greedy_ctc_collapse
1919-142785-0005,reverberation,mild,FOUR,matched,0.903975,True,WAV2VEC2_ASR_BASE_960H,greedy_ctc_collapse
1919-142785-0005,reverberation,mild,HOURS,matched,0.9993,True,WAV2VEC2_ASR_BASE_960H,greedy_ctc_collapse
1919-142785-0005,reverberation,mild,STRAIN,matched,0.91395,True,WAV2VEC2_ASR_BASE_960H,greedy_ctc_collapse
1919-142785-0005,reverberation,mild,OFF,matched,0.999767,True,WAV2VEC2_ASR_BASE_960H,greedy_ctc_collapse
1919-142785-0005,reverberation,mild,THE,matched,0.9973,True,WAV2VEC2_ASR_BASE_960H,greedy_ctc_collapse
1919-142785-0005,reverberation,mild,LIQUOR,matched,0.999617,True,WAV2VEC2_ASR_BASE_960H,greedy_ctc_collapse
1919-142785-0005,reverberation,mild,PACK,matched,0.998,True,WAV2VEC2_ASR_BASE_960H,greedy_ctc_collapse
1919-142785-0005,reverberation,mild,IN,matched,0.99595,True,WAV2VEC2_ASR_BASE_960H,greedy_ctc_collapse
1919-142785-0005,reverberation,mild,JARS,matched,0.997875,True,WAV2VEC2_ASR_BASE_960H,greedy_ctc_collapse
1919-142785-0005,reverberation,mild,A,matched,0.9984,True,WAV2VEC2_ASR_BASE_960H,greedy_ctc_collapse
1919-142785-0005,reverberation,mild,THICK,matched,0.91444,True,WAV2VEC2_ASR_BASE_960H,greedy_ctc_collapse
1919-142785-0005,reverberation,mild,LAYER,matched,0.96104,True,WAV2VEC2_ASR_BASE_960H,greedy_ctc_collapse
1919-142785-0005,reverberation,mild,OF,matched,0.9991,True,WAV2VEC2_ASR_BASE_960H,greedy_ctc_collapse
1919-142785-0005,reverberation,mild,CUCUMBERS,matched,0.973211,True,WAV2VEC2_ASR_BASE_960H,greedy_ctc_collapse
1919-142785-0005,reverberation,mild,AND,matched,0.781,True,WAV2VEC2_ASR_BASE_960H,greedy_ctc_collapse
1919-142785-0005,reverberation,mild,SALT,matched,0.9982,True,WAV2VEC2_ASR_BASE_960H,greedy_ctc_collapse
1919-142785-0005,reverberation,mild,ALTERNATELY,matched,0.9902,True,WAV2VEC2_ASR_BASE_960H,greedy_ctc_collapse
1919-142785-0005,reverberation,mild,TIE,matched,0.9987,True,WAV2VEC2_ASR_BASE_960H,greedy_ctc_collapse
1919-142785-0005,reverberation,mild,DOWN,matched,0.999925,True,WAV2VEC2_ASR_BASE_960H,greedy_ctc_collapse
1919-142785-0005,reverberation,mild,CLOSELY,matched,0.995086,True,WAV2VEC2_ASR_BASE_960H,greedy_ctc_collapse
1919-142785-0005,reverberation,mild,AND,matched,0.939233,True,WAV2VEC2_ASR_BASE_960H,greedy_ctc_collapse
1919-142785-0005,reverberation,mild,WHEN,matched,0.99895,True,WAV2VEC2_ASR_BASE_960H,greedy_ctc_collapse
1919-142785-0005,reverberation,mild,WANTED,matched,0.994033,True,WAV2VEC2_ASR_BASE_960H,greedy_ctc_collapse
1919-142785-0005,reverberation,mild,FOR,matched,0.869033,True,WAV2VEC2_ASR_BASE_960H,greedy_ctc_collapse
1919-142785-0005,reverberation,mild,USE,matched,0.995233,True,WAV2VEC2_ASR_BASE_960H,greedy_ctc_collapse
1919-142785-0005,reverberation,mild,TAKE,matched,0.999975,True,WAV2VEC2_ASR_BASE_960H,greedy_ctc_collapse
1919-142785-0005,reverberation,mild,OUT,matched,0.9557,True,WAV2VEC2_ASR_BASE_960H,greedy_ctc_collapse
1919-142785-0005,reverberation,mild,THE,matched,0.982733,True,WAV2VEC2_ASR_BASE_960H,greedy_ctc_collapse
1919-142785-0005,reverberation,mild,QUANTITY,matched,0.999775,True,WAV2VEC2_ASR_BASE_960H,greedy_ctc_collapse
1919-142785-0005,reverberation,mild,REQUIRED,matched,0.973862,True,WAV2VEC2_ASR_BASE_960H,greedy_ctc_collapse
1919-142785-0005,reverberation,medium,MODE,matched,0.9151,True,WAV2VEC2_ASR_BASE_960H,greedy_ctc_collapse
1919-142785-0005,reverberation,medium,PARE,matched,0.807525,True,WAV2VEC2_ASR_BASE_960H,greedy_ctc_collapse
1919-142785-0005,reverberation,medium,AND,matched,0.8109,True,WAV2VEC2_ASR_BASE_960H,greedy_ctc_collapse
1919-142785-0005,reverberation,medium,SLICE,matched,0.99156,True,WAV2VEC2_ASR_BASE_960H,greedy_ctc_collapse
1919-142785-0005,reverberation,medium,THE,matched,0.767967,False,WAV2VEC2_ASR_BASE_960H,greedy_ctc_collapse
1919-142785-0005,reverberation,medium,CUCUMBERS,matched,0.896978,False,WAV2VEC2_ASR_BASE_960H,greedy_ctc_collapse
1919-142785-0005,reverberation,medium,AS,matched,0.99695,True,WAV2VEC2_ASR_BASE_960H,greedy_ctc_collapse
1919-142785-0005,reverberation,medium,FOR,matched,0.998167,True,WAV2VEC2_ASR_BASE_960H,greedy_ctc_collapse
1919-142785-0005,reverberation,medium,THE,matched,0.962867,True,WAV2VEC2_ASR_BASE_960H,greedy_ctc_collapse
1919-142785-0005,reverberation,medium,TABLE,matched,0.99868,True,WAV2VEC2_ASR_BASE_960H,greedy_ctc_collapse
1919-142785-0005,reverberation,medium,SPRINKLE,matched,0.980975,True,WAV2VEC2_ASR_BASE_960H,greedy_ctc_collapse
1919-142785-0005,reverberation,medium,WELL,matched,0.995325,True,WAV2VEC2_ASR_BASE_960H,greedy_ctc_collapse
1919-142785-0005,reverberation,medium,WITH,matched,0.9974,True,WAV2VEC2_ASR_BASE_960H,greedy_ctc_collapse
1919-142785-0005,reverberation,medium,SALT,matched,0.9995,True,WAV2VEC2_ASR_BASE_960H,greedy_ctc_collapse
1919-142785-0005,reverberation,medium,AND,matched,0.9968,True,WAV2VEC2_ASR_BASE_960H,greedy_ctc_collapse
1919-142785-0005,reverberation,medium,LET,matched,0.9998,True,WAV2VEC2_ASR_BASE_960H,greedy_ctc_collapse
1919-142785-0005,reverberation,medium,THEM,matched,0.99045,True,WAV2VEC2_ASR_BASE_960H,greedy_ctc_collapse
1919-142785-0005,reverberation,medium,REMAIN,matched,0.9997,True,WAV2VEC2_ASR_BASE_960H,greedy_ctc_collapse
1919-142785-0005,reverberation,medium,FOR,matched,0.981333,True,WAV2VEC2_ASR_BASE_960H,greedy_ctc_collapse
1919-142785-0005,reverberation,medium,TWENTY,matched,0.9996,True,WAV2VEC2_ASR_BASE_960H,greedy_ctc_collapse
1919-142785-0005,reverberation,medium,FOUR,matched,0.9958,True,WAV2VEC2_ASR_BASE_960H,greedy_ctc_collapse
1919-142785-0005,reverberation,medium,HOURS,matched,0.9983,True,WAV2VEC2_ASR_BASE_960H,greedy_ctc_collapse
1919-142785-0005,reverberation,medium,STRAIN,matched,0.8942,False,WAV2VEC2_ASR_BASE_960H,greedy_ctc_collapse
1919-142785-0005,reverberation,medium,OFF,matched,0.995867,True,WAV2VEC2_ASR_BASE_960H,greedy_ctc_collapse
1919-142785-0005,reverberation,medium,THE,matched,0.993533,True,WAV2VEC2_ASR_BASE_960H,greedy_ctc_collapse
1919-142785-0005,reverberation,medium,LIQUOR,matched,0.957167,True,WAV2VEC2_ASR_BASE_960H,greedy_ctc_collapse
1919-142785-0005,reverberation,medium,PACK,matched,0.89295,True,WAV2VEC2_ASR_BASE_960H,greedy_ctc_collapse
1919-142785-0005,reverberation,medium,IN,matched,0.7325,False,WAV2VEC2_ASR_BASE_960H,greedy_ctc_collapse
1919-142785-0005,reverberation,medium,JARS,matched,0.99595,True,WAV2VEC2_ASR_BASE_960H,greedy_ctc_collapse
1919-142785-0005,reverberation,medium,A,matched,0.9991,True,WAV2VEC2_ASR_BASE_960H,greedy_ctc_collapse
1919-142785-0005,reverberation,medium,THICK,deleted,,,WAV2VEC2_ASR_BASE_960H,greedy_ctc_collapse
1919-142785-0005,reverberation,medium,LAYER,matched,0.997113,False,WAV2VEC2_ASR_BASE_960H,greedy_ctc_collapse
1919-142785-0005,reverberation,medium,OF,matched,0.99615,True,WAV2VEC2_ASR_BASE_960H,greedy_ctc_collapse
1919-142785-0005,reverberation,medium,CUCUMBERS,matched,0.947278,True,WAV2VEC2_ASR_BASE_960H,greedy_ctc_collapse
1919-142785-0005,reverberation,medium,AND,matched,0.9441,False,WAV2VEC2_ASR_BASE_960H,greedy_ctc_collapse
1919-142785-0005,reverberation,medium,SALT,matched,0.955975,True,WAV2VEC2_ASR_BASE_960H,greedy_ctc_collapse
1919-142785-0005,reverberation,medium,ALTERNATELY,matched,0.976245,True,WAV2VEC2_ASR_BASE_960H,greedy_ctc_collapse
1919-142785-0005,reverberation,medium,TIE,matched,0.9984,True,WAV2VEC2_ASR_BASE_960H,greedy_ctc_collapse
1919-142785-0005,reverberation,medium,DOWN,matched,0.9827,True,WAV2VEC2_ASR_BASE_960H,greedy_ctc_collapse
1919-142785-0005,reverberation,medium,CLOSELY,matched,0.999486,True,WAV2VEC2_ASR_BASE_960H,greedy_ctc_collapse
1919-142785-0005,reverberation,medium,AND,matched,0.890467,True,WAV2VEC2_ASR_BASE_960H,greedy_ctc_collapse
1919-142785-0005,reverberation,medium,WHEN,matched,0.995275,True,WAV2VEC2_ASR_BASE_960H,greedy_ctc_collapse
1919-142785-0005,reverberation,medium,WANTED,matched,0.896917,True,WAV2VEC2_ASR_BASE_960H,greedy_ctc_collapse
1919-142785-0005,reverberation,medium,FOR,matched,0.991033,True,WAV2VEC2_ASR_BASE_960H,greedy_ctc_collapse
1919-142785-0005,reverberation,medium,USE,matched,0.999667,True,WAV2VEC2_ASR_BASE_960H,greedy_ctc_collapse
1919-142785-0005,reverberation,medium,TAKE,matched,0.977075,True,WAV2VEC2_ASR_BASE_960H,greedy_ctc_collapse
1919-142785-0005,reverberation,medium,OUT,matched,0.9708,True,WAV2VEC2_ASR_BASE_960H,greedy_ctc_collapse
1919-142785-0005,reverberation,medium,THE,matched,0.986767,True,WAV2VEC2_ASR_BASE_960H,greedy_ctc_collapse
1919-142785-0005,reverberation,medium,QUANTITY,matched,0.995088,True,WAV2VEC2_ASR_BASE_960H,greedy_ctc_collapse
1919-142785-0005,reverberation,medium,REQUIRED,matched,0.990025,True,WAV2VEC2_ASR_BASE_960H,greedy_ctc_collapse
1919-142785-0005,reverberation,severe,MODE,matched,0.84055,True,WAV2VEC2_ASR_BASE_960H,greedy_ctc_collapse
1919-142785-0005,reverberation,severe,PARE,deleted,,,WAV2VEC2_ASR_BASE_960H,greedy_ctc_collapse
1919-142785-0005,reverberation,severe,AND,matched,0.7427,False,WAV2VEC2_ASR_BASE_960H,greedy_ctc_collapse
1919-142785-0005,reverberation,severe,SLICE,matched,0.694625,False,WAV2VEC2_ASR_BASE_960H,greedy_ctc_collapse
1919-142785-0005,reverberation,severe,THE,matched,0.5571,False,WAV2VEC2_ASR_BASE_960H,greedy_ctc_collapse
1919-142785-0005,reverberation,severe,CUCUMBERS,matched,0.73695,False,WAV2VEC2_ASR_BASE_960H,greedy_ctc_collapse
1919-142785-0005,reverberation,severe,AS,matched,0.94855,True,WAV2VEC2_ASR_BASE_960H,greedy_ctc_collapse
1919-142785-0005,reverberation,severe,FOR,matched,0.915167,True,WAV2VEC2_ASR_BASE_960H,greedy_ctc_collapse
1919-142785-0005,reverberation,severe,THE,matched,0.9774,True,WAV2VEC2_ASR_BASE_960H,greedy_ctc_collapse
1919-142785-0005,reverberation,severe,TABLE,matched,0.8207,False,WAV2VEC2_ASR_BASE_960H,greedy_ctc_collapse
1919-142785-0005,reverberation,severe,SPRINKLE,matched,0.847825,False,WAV2VEC2_ASR_BASE_960H,greedy_ctc_collapse
1919-142785-0005,reverberation,severe,WELL,matched,0.847825,True,WAV2VEC2_ASR_BASE_960H,greedy_ctc_collapse
1919-142785-0005,reverberation,severe,WITH,matched,0.843575,True,WAV2VEC2_ASR_BASE_960H,greedy_ctc_collapse
1919-142785-0005,reverberation,severe,SALT,matched,0.96375,True,WAV2VEC2_ASR_BASE_960H,greedy_ctc_collapse
1919-142785-0005,reverberation,severe,AND,matched,0.869867,True,WAV2VEC2_ASR_BASE_960H,greedy_ctc_collapse
1919-142785-0005,reverberation,severe,LET,matched,0.9894,True,WAV2VEC2_ASR_BASE_960H,greedy_ctc_collapse
1919-142785-0005,reverberation,severe,THEM,matched,0.872975,True,WAV2VEC2_ASR_BASE_960H,greedy_ctc_collapse
1919-142785-0005,reverberation,severe,REMAIN,matched,0.979933,True,WAV2VEC2_ASR_BASE_960H,greedy_ctc_collapse
1919-142785-0005,reverberation,severe,FOR,matched,0.994033,True,WAV2VEC2_ASR_BASE_960H,greedy_ctc_collapse
1919-142785-0005,reverberation,severe,TWENTY,matched,0.9648,True,WAV2VEC2_ASR_BASE_960H,greedy_ctc_collapse
1919-142785-0005,reverberation,severe,FOUR,matched,0.996175,True,WAV2VEC2_ASR_BASE_960H,greedy_ctc_collapse
1919-142785-0005,reverberation,severe,HOURS,matched,0.9897,True,WAV2VEC2_ASR_BASE_960H,greedy_ctc_collapse
1919-142785-0005,reverberation,severe,STRAIN,matched,0.889338,False,WAV2VEC2_ASR_BASE_960H,greedy_ctc_collapse
1919-142785-0005,reverberation,severe,OFF,matched,0.945433,True,WAV2VEC2_ASR_BASE_960H,greedy_ctc_collapse
1919-142785-0005,reverberation,severe,THE,matched,0.8719,True,WAV2VEC2_ASR_BASE_960H,greedy_ctc_collapse
1919-142785-0005,reverberation,severe,LIQUOR,matched,0.91495,False,WAV2VEC2_ASR_BASE_960H,greedy_ctc_collapse
1919-142785-0005,reverberation,severe,PACK,matched,0.921833,False,WAV2VEC2_ASR_BASE_960H,greedy_ctc_collapse
1919-142785-0005,reverberation,severe,IN,matched,0.9108,False,WAV2VEC2_ASR_BASE_960H,greedy_ctc_collapse
1919-142785-0005,reverberation,severe,JARS,matched,0.9732,True,WAV2VEC2_ASR_BASE_960H,greedy_ctc_collapse
1919-142785-0005,reverberation,severe,A,matched,0.698,False,WAV2VEC2_ASR_BASE_960H,greedy_ctc_collapse
1919-142785-0005,reverberation,severe,THICK,matched,0.8391,False,WAV2VEC2_ASR_BASE_960H,greedy_ctc_collapse
1919-142785-0005,reverberation,severe,LAYER,matched,0.783533,False,WAV2VEC2_ASR_BASE_960H,greedy_ctc_collapse
1919-142785-0005,reverberation,severe,OF,matched,0.8136,False,WAV2VEC2_ASR_BASE_960H,greedy_ctc_collapse
1919-142785-0005,reverberation,severe,CUCUMBERS,matched,0.676867,False,WAV2VEC2_ASR_BASE_960H,greedy_ctc_collapse
1919-142785-0005,reverberation,severe,AND,matched,0.853,False,WAV2VEC2_ASR_BASE_960H,greedy_ctc_collapse
1919-142785-0005,reverberation,severe,SALT,matched,0.81892,False,WAV2VEC2_ASR_BASE_960H,greedy_ctc_collapse
1919-142785-0005,reverberation,severe,ALTERNATELY,matched,0.988033,False,WAV2VEC2_ASR_BASE_960H,greedy_ctc_collapse
1919-142785-0005,reverberation,severe,TIE,matched,0.51895,False,WAV2VEC2_ASR_BASE_960H,greedy_ctc_collapse
1919-142785-0005,reverberation,severe,DOWN,matched,0.880433,False,WAV2VEC2_ASR_BASE_960H,greedy_ctc_collapse
1919-142785-0005,reverberation,severe,CLOSELY,matched,0.973143,True,WAV2VEC2_ASR_BASE_960H,greedy_ctc_collapse
1919-142785-0005,reverberation,severe,AND,matched,0.992967,True,WAV2VEC2_ASR_BASE_960H,greedy_ctc_collapse
1919-142785-0005,reverberation,severe,WHEN,matched,0.79495,False,WAV2VEC2_ASR_BASE_960H,greedy_ctc_collapse
1919-142785-0005,reverberation,severe,WANTED,matched,0.51825,False,WAV2VEC2_ASR_BASE_960H,greedy_ctc_collapse
1919-142785-0005,reverberation,severe,FOR,matched,0.749633,True,WAV2VEC2_ASR_BASE_960H,greedy_ctc_collapse
1919-142785-0005,reverberation,severe,USE,matched,0.63765,False,WAV2VEC2_ASR_BASE_960H,greedy_ctc_collapse
1919-142785-0005,reverberation,severe,TAKE,matched,0.795167,False,WAV2VEC2_ASR_BASE_960H,greedy_ctc_collapse
1919-142785-0005,reverberation,severe,OUT,matched,0.776433,True,WAV2VEC2_ASR_BASE_960H,greedy_ctc_collapse
1919-142785-0005,reverberation,severe,THE,matched,0.4908,False,WAV2VEC2_ASR_BASE_960H,greedy_ctc_collapse
1919-142785-0005,reverberation,severe,QUANTITY,matched,0.38954,False,WAV2VEC2_ASR_BASE_960H,greedy_ctc_collapse
1919-142785-0005,reverberation,severe,REQUIRED,matched,0.75355,False,WAV2VEC2_ASR_BASE_960H,greedy_ctc_collapse
